Youtuber,subscribers,video views,category,Title,uploads,Country,channel_type,country_rank,video_views_for_the_last_30_days,highest_monthly_earnings,subscribers_for_last_30_days,Gross tertiary education enrollment (%),Population,Unemployment rate,subscribers_for_last_30_days_missing,country_rank_missing,channel_age,views_per_subscriber,views_per_upload,earnings_spread,urban_ratio,subscriber_growth_rate
T-Series,5.561669089749748,1.5772519132603569,Music,T-Series,1.3369565420441927,India,Music,1.0,1.1007012329080916,1.1644346606806517,1.1494349155734247,28.1,1.428108284192824,5.36,0,0,1.4741566583416468,1.025032080946418,0.22300604491563886,1.070926059433969,-1.9332780935697111,-0.30672707584411846
YouTube Movies,4.748494461298955,-9.775571997308072,Film & Animation,youtubemovies,-2.1337846467280697,United States,Games,7670.0,-3.3362746119100026,-2.229457874335939,0.2009739119280225,88.2,0.27904907064799506,14.7,1,0,1.4741566583416468,-6.167125373049025,-3.737549627379587,-2.259065597957033,0.5373702730784362,-0.6677647169884331
MrBeast,4.695514032838416,0.6725659540472977,Entertainment,MrBeast,0.09462131901849882,United States,Entertainment,1.0,0.9800628691891614,1.0558344988244401,1.7204663007143055,88.2,0.27904907064799506,14.7,0,0,0.14051288651263774,-0.7528035206628582,0.5193521196904559,0.9756580844784384,0.5373702730784362,1.7147224668730112
Cocomelon - Nursery Rhymes,4.641241272203958,1.4342253035665817,Education,Cocomelon - Nursery Rhymes,0.19437985457421894,United States,Education,2.0,1.0693848063405855,1.1367200860118922,0.8639193517254113,88.2,0.27904907064799506,14.7,0,0,1.4741566583416468,1.1134976498467284,0.8824722481590922,1.046229360886549,0.5373702730784362,-0.4093254122516836
SET India,4.599649914140238,1.389663232346875,Shows,SET India,1.9992538163605722,India,Entertainment,2.0,1.0507844081790199,1.1199273607277649,0.8639193517254113,28.1,1.428108284192824,5.36,0,0,1.4741566583416468,1.0252639499126035,-0.31104231217274286,1.0312866740971884,-1.9332780935697111,-0.40331633872428085
Music,3.954866720492187,-9.775571997308072,Entertainment,Music,-2.3948665529838955,Unknown,Music,-1.0,0.26768662202931587,-2.2398305342958547,0.2009739119280225,68.0,0.27904907064799506,9.02,1,1,-0.08176107545886376,-6.167125373049025,-3.737549627379587,-2.338923974921691,0.5373702730784362,-0.6416262298966863
ýýý Kids Diana Show,3.8199725195108156,1.1891268537029154,People & Blogs,ýýý Kids Diana Show,0.24700587157312623,United States,Entertainment,3.0,0.8371646043204894,0.9236652609153718,0.2009739119280225,88.2,0.27904907064799506,14.7,1,0,-0.5263089994018667,0.9080462608401428,0.7107226961501678,0.8623812574391017,0.5373702730784362,-0.6361823678162998
PewDiePie,3.8000165752991744,0.6829860402314807,Gaming,PewDiePie,0.7912866667364843,Japan,Entertainment,1.0,0.15264116612582812,0.30327920890866655,0.2009739119280225,63.2,-0.49090786718951257,2.29,1,0,0.5850608104556407,-0.306310217692646,0.07399795393819167,0.32315595301485694,1.014482286745622,-0.6353486735792386
Like Nastya,3.697460503386804,1.17604576568607,People & Blogs,Like Nastya Vlog,-0.058609778284603245,Russia,People,5.0,0.20466787490884944,0.35063724873593893,-0.08453979833044896,81.9,-0.3826849838307849,4.59,0,0,-0.7485829613733682,0.9342362215994322,0.9014659759633875,0.3581105336436283,0.13207419293207687,-0.679852051824957
Vlad and Niki,3.5431965233562663,1.1070344840394788,Entertainment,Vlad and Niki,-0.0014195480258994999,United States,Entertainment,5.0,0.7830686529833149,0.8743848694956152,0.6535043273957786,88.2,0.27904907064799506,14.7,0,0,-1.1931308853163711,0.8400476976649359,0.8256204240511907,0.8202655783224501,0.5373702730784362,-0.41480041135162926
Zee Music Company,3.4931416487884968,0.9819356488319071,Music,Zee Music Company,1.0152651980257912,India,Music,3.0,0.8590966273614363,0.9445933533655712,0.9031787387131034,28.1,1.428108284192824,5.36,0,0,-0.30403503743036525,0.5609680070457316,0.09689829098074004,0.8800600213915506,-1.9332780935697111,-0.14158170027778463
WWE,3.4769760249775366,1.1084288242408342,Sports,WWE,1.807952423073174,United States,Sports,6.0,0.8316472597021749,0.9236652609153718,0.6535043273957786,88.2,0.27904907064799506,14.7,0,0,1.2518826963701453,0.8746903644245769,-0.3451659752969304,0.858403673995419,0.5373702730784362,-0.40534432328212916
Gaming,3.420642057525518,-9.775571997308072,Entertainment,Gaming,-2.3948665529838955,Unknown,Games,-1.0,0.26768662202931587,-2.2398305342958547,0.2009739119280225,68.0,0.27904907064799506,9.02,1,1,-0.08176107545886376,-6.167125373049025,-3.737549627379587,-2.338923974921691,0.5373702730784362,-0.6179937725262238
BLACKPINK,3.328423004604347,0.726807921284991,People & Blogs,BLACKPINK,-0.022294431361276304,South Korea,Music,1.0,0.747626845376898,0.844671863774154,0.7170007726980412,94.3,-1.2099295806788581,4.15,0,0,-0.7485829613733682,0.0217656999698299,0.6256114025152043,0.7912841213455565,0.4843914540842102,-0.32568920787996214
Goldmines,3.2553806645918684,0.6021015128507,Film & Animation,goldmines,-2.1337846467280697,Unknown,Music,-1.0,-3.2475272132826856,-2.225446484438403,0.2009739119280225,68.0,0.27904907064799506,9.02,1,1,1.4741566583416468,-0.2450559354724546,2.0908148739033434,-2.2291878738880073,0.5373702730784362,-0.6094599694853865
Sony SAB,3.1532110496601686,1.223797561928287,Shows,Sony SAB,1.8140420496442884,India,Entertainment,5.0,1.0283284447932812,1.098496551189598,0.9031787387131034,28.1,1.428108284192824,5.36,0,0,1.2518826963701453,1.3068939792941772,-0.28431369355268493,1.0137942883672677,-1.9332780935697111,-0.04528983309719345
5-Minute Crafts,3.074076881471642,0.6386503187035216,Howto & Style,5-Minute Crafts 2.0,-2.1337846467280697,United Kingdom,Entertainment,4797.0,-3.7740140504713593,-2.2398305342958547,0.2009739119280225,60.0,-1.003205685454774,3.85,1,0,-1.6376788092593741,-0.07134748276481204,2.111341609726005,-2.3299002093069046,0.5987927827115396,-0.5993408659880756
BANGTANTV,2.94542412373441,0.5384113337281835,Music,BANGTANTV,0.5177848829219083,South Korea,Music,2.0,0.49347327504569155,0.61318331550239,0.4864886519553722,94.3,-1.2099295806788581,4.15,0,0,0.14051288651263774,-0.2528294984914126,0.1698852794907341,0.5912495002164393,0.4843914540842102,-0.45484526670854597
Sports,2.927694365742654,-9.775571997308072,Entertainment,sports,-1.8727027404722443,United States,Entertainment,6266.0,-3.2735384273242105,-2.2274427184216,0.2009739119280225,88.2,0.27904907064799506,14.7,1,0,1.4741566583416468,-6.167125373049025,-3.737549627379587,-2.2386208222079875,0.5373702730784362,-0.5905489664856285
Justin Bieber,2.824466472765263,0.7055461515864894,Music,Justin Bieber,-0.3151444071216202,Canada,Music,1.0,0.5043818733258745,0.6230862522573429,-0.08453979833044896,68.9,-1.4797768836856011,5.56,0,0,1.2518826963701453,0.20802308575462553,0.8037512928023633,0.6001838390334242,0.5548046918848967,-0.6563488055182667
HYBE LABELS,2.815123955805934,0.6766131448638724,Music,HYBE LABELS,0.3166942006862817,South Korea,Music,3.0,0.7900523499652738,0.8834329271932252,0.8205201172558382,94.3,-1.2099295806788581,4.15,0,0,1.0296087343986438,0.14248437592619387,0.3777379164920681,0.8251421452016314,0.4843914540842102,-0.07759370233189326
Zee TV,2.79001708459227,1.0836886054358978,Entertainment,Zee TV,2.0381220780377696,India,Entertainment,6.0,1.0352807963557173,1.104843211312492,0.8205201172558382,28.1,1.428108284192824,5.36,0,0,1.6964306203131483,1.1392241730041406,-0.5080435722685793,1.0191697144286973,-1.9332780935697111,-0.07025073502572034
Pinkfong Baby Shark - Kids' Songs & Stories,2.7162155456501864,0.8089782719475249,Education,Pinkfong Baby Shark - Kids' Songs & Stories,0.6036129012606133,United States,Education,8.0,0.7353369076183385,0.8337670505397957,0.6535043273957786,88.2,0.27904907064799506,14.7,0,0,0.3627868484841392,0.5092376189768197,0.2662670019192527,0.78197114498439,0.5373702730784362,-0.2740694913297523
Canal KondZilla,2.6600488834407745,0.7852332265925897,Music,Canal KondZilla,0.562991910889597,Brazil,Music,1.0,0.7220405972208886,-2.2398305342958547,0.2009739119280225,51.3,-0.0710351183317133,12.08,1,0,0.14051288651263774,0.47830519117761394,0.2792335448109421,-2.338923974921691,0.7303521859778146,-0.5729035564691138
ChuChu TV Nursery Rhymes & Kids Songs,2.6398819219631307,0.8800965316508795,Education,ChuChu TV Nursery Rhymes & Kids Songs,0.035372345080403385,India,Education,7.0,0.7075161109171949,0.8101207876260659,0.5784039938330275,28.1,1.428108284192824,5.36,0,0,-0.08176107545886376,0.7173368280973487,0.6743125758787147,0.7598612098280972,-1.9332780935697111,-0.3363972983637754
Shemaroo Filmi Gaane,2.6297294806956417,0.6768171121924155,Music,Shemaroo Filmi Gaane,1.0132330054014738,India,Music,8.0,0.5906237940773237,0.6973107113330812,0.4864886519553722,28.1,1.428108284192824,5.36,0,0,0.5850608104556407,0.23041852543025942,-0.073148449323898,0.6669283303579954,-1.9332780935697111,-0.4132096957207835
Colors TV,2.59554950213346,1.0085252288261506,Shows,Colors TV,1.9873646295698915,India,Entertainment,9.0,0.9505144878519036,1.0307941416417943,0.9031787387131034,28.1,1.428108284192824,5.36,0,0,1.0296087343986438,1.0491096970910556,-0.5174032617926485,0.9519598304013084,-1.9332780935697111,0.14776042948108956
T-Series Bhakti Sagar,2.467962608697754,0.6900274389813609,Music,T- SERIES BHAKTI SAGAR,-1.400835072140596,India,Music,5803.0,-3.3753418606461283,-2.231492314331855,0.2009739119280225,28.1,1.428108284192824,5.36,1,0,-1.1931308853163711,0.3386751462144079,1.5148590005824267,-2.2702031066622688,-1.9332780935697111,-0.5588697836367771
Dude Perfect,2.4125637426079733,0.4304607919846262,Sports,Dude Perfect,-0.14764834689659398,United States,Sports,9.0,0.45242820993299543,0.5758574931039424,-0.08453979833044896,88.2,0.27904907064799506,14.7,0,0,0.8073347724271422,-0.2624694655751516,0.5404902971535263,0.5589017299919736,0.5373702730784362,-0.6416262298966863
Movieclips,2.4125637426079733,0.9927555190035081,Film & Animation,Movieclips,1.5880416967259936,United States,Film,9.0,0.4037534728292856,0.5316213245699413,-0.08453979833044896,88.2,0.27904907064799506,14.7,0,0,1.4741566583416468,1.0973563067486025,-0.26778713342946475,0.51961037211847,0.5373702730784362,-0.6416262298966863
Tips Official,2.40507190776169,0.7438520502888548,Music,Tips Official,0.7932776935282447,India,Music,11.0,0.708815634848418,0.8101207876260659,0.6535043273957786,28.1,1.428108284192824,5.36,0,0,1.2518826963701453,0.4985360741981339,0.10689284230875573,0.7608372041644891,-1.9332780935697111,-0.2061631724797816
El Reino Infantil,2.3710429427064934,0.9775266071575635,Music,El Reino Infantil,0.3624946362564091,Argentina,Music,1.0,0.7953308452275736,0.8834329271932252,0.6535043273957786,90.0,-1.3229934936160224,9.79,0,0,0.3627868484841392,1.0800992970065548,0.5170725001985376,0.8298934285167667,1.028132831912405,-0.19814977474881088
Wave Music,2.3557502856261214,0.8282019250467011,Music,Wave Music,1.3256285226774651,India,Music,12.0,0.5685788828726852,0.6814476073246505,0.5784039938330275,28.1,1.428108284192824,5.36,0,0,-0.30403503743036525,0.7258978997274396,-0.19034668356207743,0.6494492445758177,-1.9332780935697111,-0.2831773404972145
Aaj Tak,2.3403517961688376,0.6230002578742676,News & Politics,Aaj Tak,2.3344737164481484,India,News,13.0,0.7292111343542061,0.8222725084027256,0.5784039938330275,28.1,1.428108284192824,5.36,0,0,0.8073347724271422,0.23679929738929953,-0.9585955229958851,0.7766864855070403,-1.9332780935697111,-0.28009603410808337
Sony Music India,2.324845999301172,0.6796734017118451,Music,Sony Music India,0.7180015255878873,India,Music,14.0,0.5945792217570861,0.6973107113330812,0.3679892441104192,28.1,1.428108284192824,5.36,0,0,0.8073347724271422,0.3811600223605725,0.11958372580783923,0.6699283910943319,-1.9332780935697111,-0.45723377356098516
EminemMusic,2.3131453263488466,0.65228386339741,Music,EminemMusic,-0.4903730624499718,United States,Music,10.0,0.5953742064827714,0.6973107113330812,0.3679892441104192,88.2,0.27904907064799506,14.7,0,0,1.2518826963701453,0.32044228990983353,0.8878384455642375,0.6714703474429473,0.5373702730784362,-0.4558056935126698
Marshmello,2.293506427053789,0.3870521219579166,Entertainment,Marshmello,-0.10478936158377926,United States,Music,11.0,0.39845662452043845,0.5267930982039392,-0.08453979833044896,88.2,0.27904907064799506,14.7,0,0,-0.5263089994018667,-0.31119234161550113,0.4883022363623971,0.5162694927068916,0.5373702730784362,-0.63683868971923
YRF,2.221335575767711,0.7674839248879187,Film & Animation,YRF,0.700631625409892,India,Music,15.0,0.7537166605163571,0.844671863774154,0.5784039938330275,28.1,1.428108284192824,5.36,0,0,1.4741566583416468,0.6424310310250453,0.1801462811745604,0.7969753549764838,-1.9332780935697111,-0.255553694981099
LooLoo Kids - Nursery Rhymes and Children's Songs,2.1967488853411767,0.7290685468448704,Music,LooLoo Kids - Nursery Rhymes and Children's ï¿½,-1.4588977094399647,Unknown,Entertainment,-1.0,-2.749233813278644,-2.1346594206633016,0.2009739119280225,68.0,0.27904907064799506,9.02,1,1,-0.7485829613733682,0.5610932057089777,1.5775134347340143,-1.9426829858177563,0.5373702730784362,-0.5368817188836879
Ed Sheeran,2.176050384050363,0.7021226091054513,Music,Ed Sheeran,-0.1534881781608368,United Kingdom,Music,1.0,0.5370032600480988,0.6527481146954368,-0.08453979833044896,60.0,-1.003205685454774,3.85,0,0,1.4741566583416468,0.505675520104969,0.6968521867636667,0.6245164710626947,0.5987927827115396,-0.6318582113005826
Infobells - Hindi,2.167716768155027,0.7042401526865163,Education,Infobells - Hindi,0.0005405339589131977,India,Education,16.0,0.8626592588740964,0.95113532466164,1.0575194192291342,28.1,1.428108284192824,5.36,0,0,-0.30403503743036525,0.5147310392930575,0.5981300170060382,0.8831003720849179,-1.9332780935697111,0.8066966628565378
Taylor Swift,2.1509553115463778,0.6951624545534367,Music,Taylor Swift,-0.36846596171503854,United States,Music,13.0,0.7610440012351213,0.8550445186722305,0.7720039068700575,88.2,0.27904907064799506,14.7,0,0,1.4741566583416468,0.5006820114168391,0.832581832313087,0.8024966754201839,0.5373702730784362,0.05042675275939246
Ariana Grande,2.1425269952470183,0.6000558536994977,Music,Ariana Grande,-0.512608725223012,United States,Music,14.0,0.48197537226477283,0.6027301269005746,-0.08453979833044896,88.2,0.27904907064799506,14.7,0,0,1.2518826963701453,0.27463981930422715,0.8729933627864395,0.5818666930414678,0.5373702730784362,-0.6303879160348466
BillionSurpriseToys  - Nursery Rhymes & Cartoons,2.121315463378635,0.2145716470404449,Education,BillionSurpriseToys  - Nursery Rhymes & Cartï¿½,0.14491746319850168,United States,Education,15.0,0.6011919341691718,0.7175733843469979,0.6535043273957786,88.2,0.27904907064799506,14.7,0,0,-0.08176107545886376,-0.6462441249195537,0.2295347069611653,0.6758433898658521,0.5373702730784362,-0.1354805390807383
JuegaGerman,1.9393037979654277,0.38514883350980683,Gaming,JuegaGerman,0.47795287902954003,Chile,Games,1.0,0.2759432766201606,0.41545740597173797,0.2009739119280225,88.5,-2.0186049929846877,7.09,0,0,-0.08176107545886376,-0.1489233407077857,0.10960309124984371,0.41949998681374945,0.8042726785430404,-0.5133888798279298
Billie Eilish,1.9300326477257828,0.3542465881996492,Music,Billie Eilish,-0.8167846141402886,United States,Music,16.0,0.46162265562912225,0.5841985940409568,0.2009739119280225,88.2,0.27904907064799506,14.7,0,0,-0.08176107545886376,-0.21918717829577863,0.9338933390926428,0.5641349889717234,0.5373702730784362,-0.5124913069531624
Get Movies,1.9113736466585662,0.7080994139904204,Entertainment,Get Movies,0.6593402293363781,Russia,Film,1.0,0.6337095916480067,0.7360717570357304,0.7170007726980412,81.9,-0.3826849838307849,4.59,0,0,1.4741566583416468,0.6450618346995042,0.1735286600843368,0.7014326425038593,0.13207419293207687,0.030680597136869568
Shemaroo,1.9066843449486095,0.5723321725048747,Entertainment,Shemaroo,1.1253822348692977,India,Entertainment,17.0,0.5693024482975365,0.6821108660764045,0.5784039938330275,28.1,1.428108284192824,5.36,0,0,1.2518826963701453,0.3188620600681445,-0.2044277951027956,0.6511814788749599,-1.9332780935697111,-0.18404323942817688
Badabun,1.8783390847153565,0.5075566114209638,Entertainment,badabun,-2.1337846467280697,Unknown,Music,-1.0,-2.5121300455044775,-2.0062684651344074,-3.0429763699772634,68.0,0.27904907064799506,9.02,0,1,1.2518826963701453,0.17561439226632572,2.0377160606933353,-1.7758380055535852,0.5373702730784362,-0.7287225500754454
SonyMusicIndiaVEVO,1.8688098502916133,0.6556727634822284,Music,SonyMusicIndiaVEVO,0.6729211069743953,United States,Music,17.0,0.6397085002693903,0.7530886115224619,0.4864886519553722,88.2,0.27904907064799506,14.7,0,0,0.8073347724271422,0.5383119488130746,0.13529146036587106,0.7064127285966342,0.5373702730784362,-0.28508175863656837
A4,1.854439039281531,0.5802955110928321,Gaming,aefour,-2.1337846467280697,Cuba,People,99.0,-2.8711442509792366,-2.171356433573845,-3.839135921978038,41.4,-2.432843557632465,1.64,0,0,1.4741566583416468,0.36276951860005746,2.078568070567696,-2.0163760596348417,0.26192114230809327,-0.7287945349241081
Bad Bunny,1.8448066742969427,0.7066541268205562,Music,badbunny,-2.1337846467280697,Unknown,Sports,-1.0,-3.7740140504713593,-2.2398305342958547,0.2009739119280225,68.0,0.27904907064799506,9.02,1,1,1.6964306203131483,0.6729881430309016,2.149534272155922,-2.3299002093069046,0.5373702730784362,-0.504063445767561
Fernanfloo,1.8448066742969427,0.23374430258188986,Gaming,Fernanfloo,-0.022294431361276304,El Salvador,Games,1.0,0.11836529085851931,0.2722189933298212,0.2009739119280225,29.4,-2.8865445987916556,4.11,0,0,0.3627868484841392,-0.4699138376933611,0.34869438454043994,0.2910677693152544,0.03728911346090683,-0.504063445767561
Voot Kids,1.8156568315964565,0.549964442937452,Entertainment,Voot Kids,0.786788202518929,India,Entertainment,18.0,0.5705490839789501,0.6832495786512511,0.4864886519553722,28.1,1.428108284192824,5.36,0,0,-0.7485829613733682,0.30771711391120304,0.0022020002096171695,0.6511145437738148,-1.9332780935697111,-0.2744011777374025
Felipe Neto,1.8009374427320526,0.439994645148993,Entertainment,Felipe Neto,0.7592163162528758,Brazil,Entertainment,2.0,0.43374628004601185,0.5588594760752339,0.2009739119280225,51.3,-0.0710351183317133,12.08,0,0,1.4741566583416468,0.048809154879915315,-0.04170943853414448,0.5448188634672085,0.7303521859778146,-0.4995983525556601
Vocï¿½ï¿½ï¿½,1.7761866554318047,0.1136606657412157,Entertainment,Vocï¿½ï¿½ï¿½,0.37427393846896717,Brazil,Entertainment,3.0,0.20025479292939302,0.346581409482935,-0.08453979833044896,51.3,-0.0710351183317133,12.08,0,0,-0.08176107545886376,-0.7271703380288578,0.024274193863284724,0.3583423064979644,0.7303521859778146,-0.6127936532568853
HAR PAL GEO,1.771203287537142,0.8339059762243186,Entertainment,HAR PAL GEO,1.9444468959472494,Pakistan,Entertainment,1.0,0.9781466881045463,1.0518606014883993,0.971990294161869,9.0,-0.05599262021287701,4.45,0,0,1.0296087343986438,1.015718118310602,-0.5876941688541792,0.9741282949110363,-1.807910204178686,0.7627887382076841
BRIGHT SIDE,1.7662087336223744,0.24964467419586217,Howto & Style,brightside,-2.3948665529838955,Unknown,Entertainment,-1.0,0.26768662202931587,-2.2398305342958547,-4.541342433853443,68.0,0.27904907064799506,9.02,0,1,1.6964306203131483,-0.39454778685214265,-3.737549627379587,-2.338923974921691,0.5373702730784362,-0.7288045811122785
Katy Perry,1.75115745074335,0.6255860200990305,Music,Katy Perry,-0.5643619759451923,United States,Music,19.0,0.4406105255638256,0.5651269603927851,-0.08453979833044896,88.2,0.27904907064799506,14.7,0,0,1.0296087343986438,0.521055110062504,0.9210743803691867,0.547565318682207,0.5373702730784362,-0.6114827810231093
whinderssonnunes,1.75115745074335,-0.14899921444020883,Comedy,whinderssonnunes,-0.012049151380425893,Brazil,Comedy,4.0,0.06278241668008569,0.22157613102597465,0.2009739119280225,51.3,-0.0710351183317133,12.08,1,0,-0.08176107545886376,-1.3470131884757837,0.12709245142101178,0.25302426981115766,0.7303521859778146,-0.49442435334049895
ABS-CBN Entertainment,1.75115745074335,0.921116025970065,People & Blogs,ABS-CBN Entertainment,2.1910074486918836,Philippines,Entertainment,1.0,0.5047833951155127,0.6234476583044811,0.3679892441104192,35.5,-0.6156814037179327,2.15,0,0,1.0296087343986438,1.236317081871399,-0.6983064028518773,0.6001629552254223,-1.2805927858517596,-0.37762927442400196
Alan Walker,1.7258434935975309,0.32993823659010857,Music,alanwalker,-1.567256490919336,Thailand,Film,4026.0,-3.2028470579186434,-2.2215093838251745,0.2009739119280225,49.3,-0.9702421860018955,0.75,1,0,1.4741566583416468,-0.1816879227520126,1.4309910837480622,-2.2173153168169493,-1.0981786604416175,-0.49174875740096663
HolaSoyGerman.,1.7207459591028549,-0.09586469530246522,Entertainment,holasoygerman. 2,-1.6619169783964216,Unknown,People,-1.0,-3.5597304068902273,-2.235620548067013,0.2009739119280225,68.0,0.27904907064799506,9.02,1,1,-0.7485829613733682,-1.2052441552450655,1.2619865502408147,-2.3083119955584337,0.5373702730784362,-0.4912062910005852
Shakira,1.715636719582111,0.6601471284162568,People & Blogs,Shakira,-0.2140110565480582,Colombia,Howto,1.0,0.6669846403058498,0.7688437588688432,0.5784039938330275,55.3,-1.2315578190260055,9.71,0,0,1.6964306203131483,0.6214347163517792,0.7125632078035683,0.7278938457552407,0.46760705376012723,-0.1354805390807383
ýýýýýýýý ýý ýýýýýýýýýýýýýý,1.7002382302136327,0.78147681725307,Film & Animation,ýýýýýýýý ýý ýýýýýýýýýýýýýý,0.35443200715435474,Russia,Education,2.0,0.6315944465580462,0.7360717570357304,0.3679892441104192,81.9,-0.3826849838307849,4.59,0,0,0.3627868484841392,0.9223221027816499,0.4121881483434303,0.7001977987494151,0.13207419293207687,-0.36952825378151505
ARY Digital HD,1.7002382302136327,0.7987623511514539,Entertainment,ARY Digital HD,1.9770711740949973,Pakistan,Entertainment,2.0,0.9427084268813505,1.021746082018485,0.8205201172558382,9.0,-0.05599262021287701,4.45,0,0,-0.7485829613733682,0.9641618127059404,-0.6285484670302011,0.9463335257158746,-1.807910204178686,0.34165260296485445
Speed Records,1.663888507400348,0.6482087023120153,Music,Speed Records,1.1081198342607508,India,Music,19.0,0.48130442965792486,0.6020989297067207,-0.08453979833044896,28.1,1.428108284192824,5.36,0,0,0.14051288651263774,0.6169764565330695,-0.1506392368448762,0.5818999941442091,-1.9332780935697111,-0.6067953727149242
Masha and The Bear,1.6586468728625756,0.6092560099027389,Shows,Masha and The Bear,0.28161001672889524,United States,Film,20.0,0.8167316800364013,0.9084732794546383,0.8639193517254113,88.2,0.27904907064799506,14.7,0,0,-0.30403503743036525,0.5252118368921608,0.36263511890575734,0.8465438103599491,0.5373702730784362,0.48139801892490935
Like Nastya Show,1.6586468728625756,0.5108927119506608,Entertainment,Like Nastya Show,0.02635368028585083,United States,Entertainment,21.0,0.2241619455234313,0.36833781117812797,0.2009739119280225,88.2,0.27904907064799506,14.7,1,0,-0.9708569233448697,0.28730821276405777,0.4728051840751808,0.3812675944400973,0.5373702730784362,-0.48449757603589194
Rihanna,1.6322518678269207,0.5715225924881628,Entertainment,Rihanna,-0.7214905494382539,Barbados,Music,1.0,0.512975556329919,0.6308986308070134,-0.08453979833044896,65.4,-5.394465232277281,10.33,0,0,1.6964306203131483,0.4463922899396582,0.993403266479891,0.6065736357785952,-2.103906460305779,-0.605050288236633
Ishtar Music,1.6055399884257446,0.4655505396323648,Trailers,Ishtar Music,0.774467165980413,India,Music,20.0,0.5104252765365137,0.6285907870322697,0.4864886519553722,28.1,1.428108284192824,5.36,0,0,1.6964306203131483,0.20272846777112824,-0.03723022430677795,0.6044545338843759,-1.9332780935697111,-0.22961545278175585
Kimberly Loaiza,1.600158914869846,-0.03152937560275812,People & Blogs,Kimberly Loaiza,-0.25665154525072487,Mexico,People,2.0,0.4449307913382246,0.5690495248960213,0.4864886519553722,40.2,-0.4922656323482104,3.42,0,0,-0.7485829613733682,-0.9940541163071103,0.3517896462962408,0.5534085345694131,0.48494866610172105,-0.22841256599836518
Little Baby Bum - Nursery Rhymes & Kids Songs,1.57850353390777,0.8157159905215169,Education,Little Baby Bum - Nursery Rhymes & Kids Songs,0.5405227429871263,United States,Education,22.0,0.36886240638238726,0.49988964824410703,-0.08453979833044896,88.2,0.27904907064799506,14.7,0,0,0.3627868484841392,1.0626918903906333,0.3109028387551262,0.49044072617609896,0.5373702730784362,-0.6020281739253314
Luisito Comunica,1.562122555651347,0.15799882311699903,Comedy,Luis Arturo Villar Sudek,-2.3948665529838955,Mexico,Comedy,3021.0,0.26768662202931587,-2.2398305342958547,0.2009739119280225,40.2,-0.4922656323482104,3.42,1,0,0.5850608104556407,-0.5195958329608498,-3.737549627379587,-2.338923974921691,0.48494866610172105,-0.4736927494648494
elrubiusOMG,1.5511345193471027,0.08983634760674276,Gaming,elrubiusOMG,0.07481988610655953,Unknown,Entertainment,-1.0,-0.2952183950714087,-0.10373069808461739,0.2009739119280225,68.0,0.27904907064799506,9.02,1,1,0.3627868484841392,-0.6787751601200427,0.20491101474663206,-0.03302185555131833,0.5373702730784362,-0.47243292708149204
Toys and Colors,1.5456200857202116,0.8917702119401779,Entertainment,Toys and colors,-1.7886531397817453,Unknown,People,-1.0,-3.51709270890404,-2.235620548067013,0.2009739119280225,68.0,0.27904907064799506,9.02,1,1,-1.1931308853163711,1.26235326325815,1.9155201610334978,-2.3021464077181037,0.5373702730784362,-0.4717983383028944
shfa2 - ï¿½ï¿½,1.5122433674610354,0.5978800188110215,People & Blogs,shfa2 - ï¿½ï¿½,0.38334480757973366,United Arab Emirates,People,1.0,0.5838963205969704,0.6953672209718147,0.3679892441104192,36.8,-2.5523985512383427,2.35,0,0,-0.9708569233448697,0.5667896640798559,0.2903490165894526,0.6623714471008711,0.7603035088114829,-0.3379728553564165
LUCCAS NETO - LUCCAS TOON,1.4953653636890403,0.5681258303803046,People & Blogs,LUCCAS NETO- LUCCAS TOON,-2.1337846467280697,Unknown,Games,-1.0,-3.6791920276263568,-2.2377151202531764,0.2009739119280225,68.0,0.27904907064799506,9.02,1,1,-1.8599527712308757,0.5027750741108349,2.071733269396951,-2.3229853662832576,0.5373702730784362,-0.4659424485350214
CarryMinati,1.4840418134076576,-0.2621295336834281,Comedy,CarryMinati,-0.42450896108490216,India,Comedy,21.0,0.31569345742998406,0.4515873723731371,0.7170007726980412,28.1,1.428108284192824,5.36,0,0,-0.30403503743036525,-1.4932545423872725,0.33139838895821766,0.45130712374168364,-1.9332780935697111,0.19007471227194464
XXXTENTACION,1.4840418134076576,0.24141678404127995,Music,XXXTENTACION,-0.5500385173654971,United States,Music,24.0,0.2458101214835997,0.3879819234081215,-0.08453979833044896,88.2,0.27904907064799506,14.7,0,0,-0.5263089994018667,-0.28153025738518084,0.6959730224586015,0.39474693740430666,0.5373702730784362,-0.5965371649106428
Super Simple Songs - Kids Songs,1.4840418134076576,0.8718896402458913,Education,Super Simple Songs - Kids Songs,0.09614113912256354,Canada,Education,2.0,0.7749463727771262,0.864934546451573,0.4864886519553722,68.9,-1.4797768836856011,5.56,0,0,1.4741566583416468,1.243305513063225,0.630312296063725,0.8130681526250899,0.5548046918848967,-0.20174141684661723
Mikecrack,1.4783583548185244,0.42715087767604776,Gaming,Mikecrack,0.4441936890735045,Spain,Games,1.0,0.598866774516923,0.7175733843469979,0.7720039068700575,88.9,-1.2855454083931885,13.96,0,0,-0.5263089994018667,0.16988071921197584,0.15505488684264523,0.6744183956537122,0.4398562426781722,0.32268114626477634
WorkpointOfficial,1.4726603419025128,0.7775598095552566,Entertainment,WorkpointOfficial,1.820902438087553,Thailand,Entertainment,1.0,0.4339291932361414,0.5590225105537888,0.2009739119280225,49.3,-0.9702421860018955,0.75,0,0,0.14051288651263774,1.020312273047471,-0.5393723815917769,0.5448094731320591,-1.0981786604416175,-0.46325329825693257
GR6 EXPLODE,1.466947699926108,0.6203589180846175,Music,GR6 EXPLODE,0.6263086859028989,Brazil,Music,6.0,1.025202689008119,1.0952507274589887,-0.08453979833044896,51.3,-0.0710351183317133,12.08,0,0,-0.30403503743036525,0.6425563091718907,0.14563836888024628,1.0112982922558047,0.7303521859778146,-0.5955184070601203
TEDx Talks,1.4497212436072742,0.085645173933908,Nonprofits & Activism,TEDx Talks,2.204446865555805,United States,Nonprofit,25.0,0.18829829678442409,0.33579893269478955,-0.08453979833044896,88.2,0.27904907064799506,14.7,0,0,0.8073347724271422,-0.6411872994476261,-1.1762212269632628,0.3502047536666791,0.5373702730784362,-0.5944838340549938
shfa,1.4381623977331908,0.5527843153351387,People & Blogs,ýýýýýýýýýý ýýýýýý,0.20056110625941503,Saudi Arabia,Games,774.0,-0.5969178809278604,-0.3765827551051128,-1.695747957497301,68.0,-1.5413900068076587,5.93,0,0,-1.1931308853163711,0.49265983304492633,0.3834276205157524,-0.27164583563636224,0.6200564387211577,-0.726101891564546
Goldmines Gaane Sune Ansune,1.4323603792522055,0.4430170069633515,Music,Goldmines Gaane Sune Ansune,0.6824218165279419,India,Music,22.0,0.8623170818523151,0.95113532466164,0.4864886519553722,28.1,1.428108284192824,5.36,0,0,-0.5263089994018667,0.22993447567751518,0.009707347954550557,0.8825971051015298,-1.9332780935697111,-0.18942021335172693
One Direction,1.4265431920785887,0.35337194792821225,Music,21 Savage,-1.4588977094399647,United States,Music,2904.0,-1.8884239306018504,-1.5471678208006363,-2.9258338266420094,88.2,0.27904907064799506,14.7,0,0,-0.7485829613733682,0.015990054572245924,1.3665127015583585,-1.2921998680152855,0.5373702730784362,-0.728669843764054
TheEllenShow,1.4265431920785887,0.5768744545223377,Entertainment,TheEllenShow,1.2435692568957022,United States,Entertainment,26.0,0.015558339550518397,0.17867085244407122,0.2009739119280225,88.2,0.27904907064799506,14.7,1,0,1.4741566583416468,0.5564207787428064,-0.27838111764881357,0.2037524768953863,0.5373702730784362,-0.45770648584906654
Sony PAL,1.4265431920785887,0.6748627765142013,Shows,Sony PAL,1.405479994283381,India,Entertainment,23.0,0.7050673173868982,0.8101207876260659,0.5784039938330275,28.1,1.428108284192824,5.36,0,0,-0.30403503743036525,0.7935211725949873,-0.32815345045943567,0.7588800377789711,-1.9332780935697111,-0.05369362445731731
Daddy Yankee,1.4148629929406658,0.5763941256357417,Music,Daddy Yankee,-0.04956946661887218,United States,Music,27.0,0.5402954538062176,0.6557419394877927,-0.08453979833044896,88.2,0.27904907064799506,14.7,0,0,0.3627868484841392,0.5607716099478518,0.558823185486252,0.6283696197549328,0.5373702730784362,-0.5923657462685661
Vlad vï¿½ï¿½ï,1.4089998200458977,0.5910165038228753,Entertainment,Vlad vï¿½ï¿½ï,-0.042198163433541186,United States,Entertainment,28.0,0.5804365554405112,0.6922332664469059,0.2009739119280225,88.2,0.27904907064799506,14.7,0,0,-1.1931308853163711,0.5989155953258786,0.5622549180801819,0.6592097946830511,0.5373702730784362,-0.4555662186757568
Like Nastya ESP,1.391317029029094,0.48007794395905784,Entertainment,Like Nastya ESP,0.09563521349724387,United States,Entertainment,29.0,0.6445078060962564,0.7530886115224619,0.7170007726980412,88.2,0.27904907064799506,14.7,0,0,-0.9708569233448697,0.3389119812557103,0.41058883148831193,0.7100402637006691,0.5373702730784362,0.22881754293718007
ýýýýýýýýýýýý one31,1.3853913988279898,0.6552971968275622,Entertainment,ýýýýýýýýýýýý one31,2.0012395587148926,Thailand,Entertainment,2.0,0.45168836163019876,0.5751788712041858,0.3679892441104192,49.3,-0.9702421860018955,0.75,0,0,-0.08176107545886376,0.7656010345337879,-0.7247653558340974,0.5589394332595706,-1.0981786604416175,-0.31513510739250505
Jkk Entertainment,1.3675192318575238,0.43472999319575617,Comedy,Jkk Entertainment,-0.3615861070433579,India,Comedy,24.0,0.20899452914524014,0.35451056747548193,-0.08453979833044896,28.1,1.428108284192824,5.36,0,0,-0.9708569233448697,0.2404836610959701,0.6818428229981062,0.36627662572962216,-1.9332780935697111,-0.5894354877205151
ABP NEWS,1.3555242010577566,0.3372331758966918,People & Blogs,ABP NEWS,2.3570550001550936,India,News,25.0,0.6014661836697309,0.7175733843469979,0.4864886519553722,28.1,1.428108284192824,5.36,0,0,0.14051288651263774,0.010472266129688575,-1.1337028827015538,0.6758279764257346,-1.9332780935697111,-0.1705703617630508
Maria Clara & JP,1.3555242010577566,0.6033709338352543,People & Blogs,Maria Clara & JP,0.09614113912256354,Brazil,Entertainment,7.0,0.5873800624198982,0.6973107113330812,0.3679892441104192,51.3,-0.0710351183317133,12.08,0,0,-0.5263089994018667,0.6540496419615123,0.4795053874639135,0.6654766992666222,0.7303521859778146,-0.30956747473318896
Bruno Mars,1.337409532559643,0.5071112686103868,Music,Bruno Mars,-0.6602759140679443,United States,Music,30.0,0.5029410690840449,0.621786145331607,0.2009739119280225,88.2,0.27904907064799506,14.7,0,0,1.4741566583416468,0.4297287427388626,0.917170981005265,0.5979263956483536,0.5373702730784362,-0.4466561908621481
Maroon 5,1.3313383887548969,0.572991279051091,Music,Maroon 5,-0.45600319446582105,United States,Music,31.0,0.47093030360947297,0.592677349055304,0.2009739119280225,88.2,0.27904907064799506,14.7,1,0,1.4741566583416468,0.591962422189906,0.8209229453699037,0.5719228598159214,0.5373702730784362,-0.4458873871794561
Ultra Bollywood,1.3313383887548969,0.41445994922370477,Trailers,Ultra Bollywood,1.0416367481499653,India,Entertainment,26.0,0.4357167023976503,-2.2398305342958547,0.2009739119280225,28.1,1.428108284192824,5.36,0,0,0.8073347724271422,0.20854190055809904,-0.23888173243986613,-2.338923974921691,-1.9332780935697111,-0.4458873871794561
PowerKids TV,1.3252506344133406,0.4976698630771036,Film & Animation,PowerKids TV,0.8573962221291388,Unknown,Film,1.0,0.6428086690947599,0.7530886115224619,0.6535043273957786,68.0,0.27904907064799506,9.02,0,0,-0.30403503743036525,0.4126303060029097,-0.07287920623569193,0.7088449907513164,0.5373702730784362,0.11765959123659665
YouTube,1.3130249288009808,-0.3011575567116195,News & Politics,YouTube,0.09614113912256354,United States,Entertainment,32.0,0.007916213150679969,0.17173240840690868,0.3679892441104192,88.2,0.27904907064799506,14.7,0,0,9.476019289315701,-1.5068167853764152,-0.0285006885495385,0.20416758490936937,0.5373702730784362,-0.30151616956990385
News,1.3130249288009808,-9.775571997308072,Entertainment,News,-2.3948665529838955,Unknown,Entertainment,-1.0,0.26768662202931587,-2.2398305342958547,0.2009739119280225,68.0,0.27904907064799506,9.02,1,1,-0.08176107545886376,-6.167125373049025,-3.737549627379587,-2.338923974921691,0.5373702730784362,-0.4435556307649503
Ozuna,1.306886792981933,0.588157125126768,Music,Ozuna,-0.4048867343795412,Unknown,Music,2.0,0.49479246965774354,0.6143799839866264,-0.08453979833044896,68.0,0.27904907064799506,9.02,0,0,-0.7485829613733682,0.6401976632328267,0.796173549388597,0.5911813040330065,0.5373702730784362,-0.5855907860812055
MrBeast Gaming,1.3007316775129152,0.021512570814875016,Gaming,MrBeastGaming,-1.71997961569579,Unknown,Comedy,-1.0,-3.1184205190788092,-2.213847388575087,-4.541342433853443,68.0,0.27904907064799506,9.02,0,1,0.3627868484841392,-0.7256993760016409,1.3723587819666607,-2.1420051839784673,0.5373702730784362,-0.7288043096508133
La Granja de Zenï¿½,1.2759395232781687,0.652996484428448,Music,La Granja de Zenï¿½,0.04764634496322224,Argentina,Music,2.0,0.6302750871801787,0.7360717570357304,0.4864886519553722,90.0,-1.3229934936160224,9.79,0,0,-0.08176107545886376,0.8117097598735418,0.5388105181542685,0.6989111224810252,1.028132831912405,-0.15035529894049499
Saregama Music,1.2634390812866234,0.4145677265437155,Entertainment,Saregama Music,0.9693058460206293,India,Music,27.0,0.7634222839503607,0.8550445186722305,0.8205201172558382,28.1,1.428108284192824,5.36,0,0,-0.08176107545886376,0.24082984368551008,-0.19199810888762503,0.8040443873772689,-1.9332780935697111,0.5709520311408931
IndiaTV,1.2634390812866234,0.42679636032681806,News & Politics,IndiaTV,2.3202449075595823,India,News,27.0,0.6214200450841464,0.7360717570357304,0.6535043273957786,28.1,1.428108284192824,5.36,0,0,1.4741566583416468,0.2703975859499641,-1.0595773148296184,0.6924555105999923,-1.9332780935697111,0.14130496638192402
T-Series Bollywood Classics,1.2571624260047547,0.5746023523329786,Music,T-Series Bollywood Classics,0.4701672740856383,India,Music,28.0,0.6519976969936119,0.7530886115224619,0.5784039938330275,28.1,1.428108284192824,5.36,0,0,0.14051288651263774,0.6308731281213107,0.2210468326306915,0.7159493492023153,-1.9332780935697111,-0.0006677152199042933
Total Gaming,1.2571624260047547,-0.03516633105864914,Gaming,totalgaming,-2.1337846467280697,Unknown,Autos,-1.0,-3.003250025769402,-2.199305149613993,-4.3743264151535985,68.0,0.27904907064799506,9.02,0,1,1.4741566583416468,-0.8417519862713271,1.7329090990093383,-2.090078178149941,0.5373702730784362,-0.7288028146774213
Markiplier,1.244555747399323,0.5272415477807413,Gaming,Markiplier,0.8485156405495079,United States,Games,34.0,0.42824638792617037,0.5538676429223648,-0.08453979833044896,88.2,0.27904907064799506,14.7,0,0,0.14051288651263774,0.5222420237016597,-0.050521852600010526,0.5387449798097982,0.5373702730784362,-0.5815279449147933
Ryan's World,1.244555747399323,0.9623177802406928,Entertainment,Ryan's World,0.545155785058278,United States,Entertainment,35.0,0.5751264610313158,0.6874105651616218,0.2009739119280225,88.2,0.27904907064799506,14.7,0,0,-0.5263089994018667,1.5754159397560261,0.3902380652690515,0.6560892194596014,0.5373702730784362,-0.4346667700836965
Genevieve's Playhouse - Learning Videos for Kids,1.2255107852985674,0.6281098010488321,Education,Genevieve's Playhouse - Learning Videos for ï¿½,0.025744688121786895,United States,Film,36.0,0.6546864202890169,0.7530886115224619,0.3679892441104192,88.2,0.27904907064799506,14.7,0,0,-0.7485829613733682,0.7752916995612508,0.539032090326694,0.7183458938003366,0.5373702730784362,-0.28444876376751704
T-Series Apna Punjab,1.2063014042299043,0.5482886482719606,Music,T- Series Apna Punjab,-2.3948665529838955,Unknown,News,-1.0,0.26768662202931587,-2.2398305342958547,0.2009739119280225,68.0,0.27904907064799506,9.02,1,1,-1.6376788092593741,0.5912157356616033,-3.737549627379587,-2.338923974921691,0.5373702730784362,-0.4295807656042885
Techno Gamerz,1.193402395234884,0.20628043582559127,Gaming,TechnoGamerz,-2.1337846467280697,Unknown,Games,-1.0,-2.8917166179502147,-2.177609747833772,-4.255826664049493,68.0,0.27904907064799506,9.02,0,1,0.5850608104556407,-0.2294591444555028,1.868511723593749,-2.0511341172823054,0.5373702730784362,-0.7288012202454545
Geet MP3,1.1869247405291319,0.3252728665157931,Music,Geet MP3,0.06175516932922253,India,Music,31.0,0.3748970207151309,0.5053608991210191,-0.08453979833044896,28.1,1.428108284192824,5.36,0,0,-0.7485829613733682,0.06105883685629312,0.34560673678868914,0.4983417185506927,-1.9332780935697111,-0.5776691324725246
J Balvin,1.173912581693583,0.5815934604674802,Music,J Balvin,-0.5281969457765152,Colombia,Music,2.0,0.4307437182327644,0.5561511980890809,-0.08453979833044896,55.3,-1.2315578190260055,9.71,0,0,0.3627868484841392,0.6870876580459973,0.8727842611753276,0.5418211701105153,0.46760705376012723,-0.5767839973003958
Jess No Limit,1.1673778550601945,-0.18186611002782935,Entertainment,Jess No Limit,0.5182797306892795,Indonesia,Entertainment,1.0,0.7691982525047749,0.864934546451573,1.5661255265819554,36.3,0.12229127653497812,4.69,0,0,-0.9708569233448697,-1.1524982236847687,-0.23496111660322033,0.8093616057309285,-0.8211663914313476,7.055395577779494
Jingle Toons,1.1673778550601945,0.27493808505713535,Film & Animation,Jingle Toons,-0.32895432108958295,India,Film,32.0,0.5090785426821115,0.627353555241931,0.6535043273957786,28.1,1.428108284192824,5.36,0,0,-0.08176107545886376,-0.05135765680286599,0.570886175215979,0.6022443393135205,-1.9332780935697111,0.1793583553999509
VEGETTA777,1.154250543714862,0.4082916853178788,Gaming,VEGETTA777,0.9712916767515822,Spain,Games,2.0,0.15210340588082286,0.30287180667758196,0.2009739119280225,88.9,-1.2855454083931885,13.96,1,0,1.0296087343986438,0.27716167862896,-0.19680842477372085,0.3231870798394605,0.4398562426781722,-0.42251936860183
Galinha Pintadinha,1.154250543714862,0.6554896411257087,Film & Animation,Galinha Pintadinha,-0.8111204236213226,Brazil,Film,8.0,0.6979855270299472,0.7972321610625426,0.2009739119280225,51.3,-0.0710351183317133,12.08,0,0,1.4741566583416468,0.8752018871998348,1.099356847624381,0.7528811173980671,0.7303521859778146,-0.42251936860183
SSSniperWolf,1.1476577305396167,0.5906938503802578,Gaming,SSSniperWolf,0.6642948924498567,United States,Entertainment,37.0,0.5463153556965918,0.6612032624626106,0.2009739119280225,88.2,0.27904907064799506,14.7,0,0,-0.08176107545886376,0.7215032346366288,0.10438277352591735,0.6319976668072393,0.5373702730784362,-0.42161319060227764
Desi Music Factory,1.1476577305396167,0.22805719377498945,Music,Desi music factory,-1.9810615219516157,Unknown,Music,-1.0,0.26768662202931587,-2.2398305342958547,0.2009739119280225,68.0,0.27904907064799506,9.02,1,1,-1.1931308853163711,-0.1553143472135962,1.7117521044153525,-2.338923974921691,0.5373702730784362,-0.42161319060227764
Selena Gomez,1.141045325023604,0.33427300746222033,Film & Animation,Selena Gomez,-0.42050188529958227,United States,Music,38.0,0.4060346547327649,0.5336968070086713,0.2009739119280225,88.2,0.27904907064799506,14.7,0,0,1.0296087343986438,0.10444530313638928,0.6637456412264336,0.5230434425710334,0.5373702730784362,-0.4207016346445345
Rajshri,1.1344132103716849,0.3919949677730136,Music,Rajshri,0.704069634091819,India,Entertainment,34.0,0.6059716755128994,0.7175733843469979,0.5784039938330275,28.1,1.428108284192824,5.36,0,0,1.4741566583416468,0.2471149372362706,-0.03296371049204615,0.6801605952676523,-1.9332780935697111,0.04032521877318503
Ch3Thailand,1.1344132103716849,0.6911824532349302,Entertainment,Ch3Thailand,1.9270765894700692,Thailand,Entertainment,3.0,0.2573228178566804,-2.2398305342958547,-0.08453979833044896,49.3,-0.9702421860018955,0.75,0,0,-0.30403503743036525,0.9709620270565951,-0.6566077620635914,-2.338923974921691,-1.0981786604416175,-0.574065273480967
KHANDESHI MOVIES,1.1344132103716849,0.27702853633177943,Comedy,KHANDESHI MOVIES,-0.36673418132451246,India,Comedy,35.0,0.045063558846414,0.20543761466229335,-0.08453979833044896,28.1,1.428108284192824,5.36,0,0,-0.08176107545886376,-0.030768038000841935,0.5966211238845178,0.23817738159603308,-1.9332780935697111,-0.574065273480967
NoCopyrightSounds,1.1277612687412388,0.2423764548001011,Music,NoCopyrightSounds,0.3150013368415477,United Kingdom,Music,3.0,0.2346991953714247,0.3779096828667441,0.2009739119280225,60.0,-1.003205685454774,3.85,1,0,0.3627868484841392,-0.11135010327768871,0.1349561617577394,0.3881555944263004,0.5987927827115396,-0.4188621962089235
CVS 3D Rhymes & Kids Songs,1.1277612687412388,0.5266407387103149,Education,CVS 3D Rhymes & Kids Songs,-0.20043619743838018,India,Education,35.0,0.44379761499589676,0.5679975447188189,0.2009739119280225,28.1,1.428108284192824,5.36,0,0,1.0296087343986438,0.5759128685056698,0.628769591269188,0.5504538421141553,-1.9332780935697111,-0.4188621962089235
Ricis Official,1.1210893812295784,-0.00224521123293103,People & Blogs,Ricis Official,0.5862657905007659,Indonesia,Entertainment,2.0,0.47738376870480037,0.5985427028223799,1.1283065934363532,36.3,0.12229127653497812,4.69,0,0,-0.7485829613733682,-0.6984946873739138,-0.17810433342094464,0.5769155538598796,-0.8211663914313476,2.151911044522842
BabyBus - Kids Songs and Cartoons,1.0874265180321376,0.6406032102872515,Education,BabyBus - Kids Songs and Cartoons,0.49058160502701437,United States,Education,39.0,0.4285565773939567,0.5541596430821546,0.2009739119280225,88.2,0.27904907064799506,14.7,0,0,-0.7485829613733682,0.8707256603085922,0.24489464070340333,0.5387288064483293,0.5373702730784362,-0.4132096957207835
Eros Now Music,1.0806323972823293,0.47154548088198456,Entertainment,Mzaalo,0.36522677964707334,India,Entertainment,730.0,-0.0015828585724776097,0.163253184262364,-0.4619649373930319,28.1,1.428108284192824,5.36,0,0,0.14051288651263774,0.4648739957976162,0.23113109191396766,0.19918458115233686,-1.9332780935697111,-0.6653394920685611
BETER Bï¿½ï¿½,1.0806323972823293,0.5026503486771998,Entertainment,BETER Bï¿½ï¿½,0.5865409267959952,Turkey,Games,1.0,0.9992083018565817,1.0746607137341377,1.1695321689048916,23.9,-0.8245184453388444,13.49,0,0,0.14051288651263774,0.5401179304106586,0.10527958287246744,0.990579177312105,0.18577386160534803,2.502528034562579
DisneyMusicVEVO,1.0806323972823293,0.6748157577596288,Music,DisneyMusicVEVO,0.4808770010141764,United States,Music,40.0,0.6508569234415225,0.7530886115224619,0.3679892441104192,88.2,0.27904907064799506,14.7,0,0,0.5850608104556407,0.9567427804872272,0.27039375224031986,0.7147643076524288,0.5373702730784362,-0.25468929566569953
The Weeknd,1.0738174675550405,0.5886060765953094,Music,The Weeknd,-0.4604086431824283,Canada,Music,3.0,0.6801185114528253,0.78351145088913,0.2009739119280225,68.9,-1.4797768836856011,5.56,0,0,0.3627868484841392,0.7513115839488462,0.8325608919232673,0.7380771788543684,0.5548046918848967,-0.41127943264004446
WowKidz,1.0463470838755424,0.4402885226908338,Film & Animation,wowkidz,-1.9810615219516157,Unknown,Entertainment,-1.0,-3.7740140504713593,-2.2398305342958547,0.2009739119280225,68.0,0.27904907064799506,9.02,1,1,1.4741566583416468,0.4054497294063837,1.8309465984612783,-2.3299002093069046,0.5373702730784362,-0.40734719323789675
KAROL G,1.0394261675165337,0.49162756652469186,Music,KAROL G,-0.5472380466849062,Colombia,Music,3.0,0.7314816340376731,0.8337670505397957,0.3679892441104192,55.3,-1.2315578190260055,9.71,0,0,-0.08176107545886376,0.5328998767106219,0.8346715055254498,0.7793476896706905,0.46760705376012723,-0.24586839840855385
Mr Bean,1.0394261675165337,0.24531416403022918,Shows,Mr Bean,0.6322018163576232,United Kingdom,Comedy,4.0,0.23836805326173727,0.3812263867904805,-0.08453979833044896,60.0,-1.003205685454774,3.85,0,0,1.4741566583416468,-0.06261948314530971,-0.06881190954025047,0.38796565439733754,0.5987927827115396,-0.5673269529209154
rezendeevil,1.0394261675165337,0.335876948462234,Gaming,rezendeevil,1.1392977781888671,Brazil,Entertainment,9.0,0.1824192557955546,0.33037466497326007,0.2009739119280225,51.3,-0.0710351183317133,12.08,1,0,0.14051288651263774,0.15624468046143167,-0.346234804887412,0.3413355687348071,0.7303521859778146,-0.40634886833652406
StarPlus,1.0324836570004021,0.6478811852944056,Entertainment,StarPlus,1.6399461966618563,India,Entertainment,38.0,1.0297355482147033,1.1016935636944685,0.9390197539400041,28.1,1.428108284192824,5.36,0,0,1.4741566583416468,0.9142850121249144,-0.49507398491521887,1.0147833308570335,-1.9332780935697111,1.1824060494735045
SMTOWN,1.0255194171521502,0.6563750766208843,Music,SMTOWN,0.7438655988188833,Unknown,Music,-1.0,0.5699626702225292,0.6827037577358325,-0.08453979833044896,68.0,0.27904907064799506,9.02,0,1,1.4741566583416468,0.9381327615956541,0.08975364199461203,0.6511462528940335,0.5373702730784362,-0.5663161293988079
GMA  Network,1.0255194171521502,0.50823331867365,Entertainment,GMA  Network,1.9155369770005621,Philippines,Entertainment,2.0,0.8576068653163549,0.9445933533655712,0.5784039938330275,35.5,-0.6156814037179327,2.15,0,0,1.4741566583416468,0.5796371562113233,-0.7518869524584872,0.878520895986247,-1.2805927858517596,0.07860384958168269
GENIAL,1.018533311523499,0.05010701445064669,Howto & Style,GENIAL,0.925432728852258,Mexico,Howto,4.0,0.10125968467771011,0.25658470005374057,0.2009739119280225,40.2,-0.4922656323482104,3.42,1,0,-0.9708569233448697,-0.5240354485143428,-0.36828670696147925,0.27923088029375126,0.48494866610172105,-0.40331633872428085
MR. INDIAN HACKER,1.0115252023769277,-0.02323439542149274,Science & Technology,MR. INDIAN HACKER,0.1796848141877427,India,Tech,40.0,0.3921664214168504,0.5210748128495448,0.5784039938330275,28.1,1.428108284192824,5.36,0,0,0.14051288651263774,-0.6975640574314248,0.07344764763022937,0.5091544914300171,-1.9332780935697111,0.08365826243332196
Worldwide Records Bhojpuri,1.0115252023769277,0.43670811348950506,Music,Worldwide Records Bhojpuri,0.9131547594378877,India,Music,39.0,0.3995970615330375,0.5278336189580599,0.2009739119280225,28.1,1.428108284192824,5.36,0,0,0.14051288651263774,0.41322118077314207,-0.14321353835211065,0.5162110438424649,-1.9332780935697111,-0.4022927803862575
DONA ï¿½ï¿½,1.0115252023769277,0.5426581493114987,Entertainment,DONA ï¿½ï¿½,-0.46711496107544803,United States,Entertainment,41.0,0.47162553122451084,0.5933024305541027,0.2009739119280225,88.2,0.27904907064799506,14.7,0,0,-1.1931308853163711,0.6695340541392216,0.8111220738071614,0.5745720140598661,0.5373702730784362,-0.4022927803862575
Dream,1.0115252023769277,-0.31296207654774455,Gaming,Dream,-0.6011386353222897,United States,Games,41.0,0.06573482522440739,0.22434743217468084,0.2009739119280225,88.2,0.27904907064799506,14.7,0,0,-0.30403503743036525,-1.3941684627601556,0.41796177831866793,0.2528725965570983,0.5373702730784362,-0.4022927803862575
Lucas and Marcus,1.0044949506693257,0.28494978005796096,Entertainment,Lucas and Marcus,0.31216287901237716,United States,Entertainment,42.0,0.637912566497543,0.7360717570357304,0.4864886519553722,88.2,0.27904907064799506,14.7,0,0,0.3627868484841392,0.049622474105299165,0.1607050461749413,0.7051963327008541,0.5373702730784362,-0.07577335517688163
JustinBieberVEVO,1.0044949506693257,0.6443553029309559,Music,JustinBieberVEVO,-0.3898932495513366,United States,Music,42.0,0.38343540694889844,0.5131356178128179,0.2009739119280225,88.2,0.27904907064799506,14.7,1,0,0.8073347724271422,0.9189674721358978,0.817982528511887,0.5018772190131304,0.5373702730784362,-0.40126276420285906
Luis Fonsi,0.9903674567711381,0.40102572978628576,Entertainment,luisfonsi,-2.3948665529838955,Unknown,Entertainment,-1.0,0.26768662202931587,-2.2398305342958547,0.2009739119280225,68.0,0.27904907064799506,9.02,1,1,1.4741566583416468,0.3369066336253299,-3.737549627379587,-2.338923974921691,0.5373702730784362,-0.3991831122834977
Peppa Pig - Official Channel,0.9903674567711381,0.5799668484332774,Film & Animation,Peppa Pig - Official Channel,0.6884502224991131,United Kingdom,Education,5.0,0.5812323200537135,0.6929505827671621,0.3679892441104192,60.0,-1.003205685454774,3.85,0,0,-0.08176107545886376,0.7698035390250468,0.08271874601794904,0.6608466913725192,0.5987927827115396,-0.2351533054255722
YOLO AVENTURAS,0.9761496907369862,0.20552495011000516,People & Blogs,YOLO AVENTURAS,-0.8167846141402886,Venezuela,Comedy,522.0,-2.0217580012611878,-1.664106218368798,-2.9258338266420094,79.3,-1.6894475963724966,8.8,0,0,-1.1931308853163711,-0.12891856390293222,0.8503674977458063,-1.3979704517411875,0.8350096896123527,-0.728639352533962
The Tonight Show Starring Jimmy Fallon,0.9761496907369862,0.45311696302983756,Comedy,The Tonight Show Starring Jimmy Fallon,1.033665655820879,United States,Comedy,44.0,0.02302095762526187,-2.2398305342958547,-0.08453979833044896,88.2,0.27904907064799506,14.7,0,0,1.4741566583416468,0.4696040595307375,-0.2120109856639499,-2.338923974921691,0.5373702730784362,-0.5626763558039009
TheDonato,0.9761496907369862,0.011558542569901603,Entertainment,TheDonato,0.6243236400889123,Argentina,Games,3.0,0.522683006706812,0.6397201710013806,1.1283065934363532,90.0,-1.3229934936160224,9.79,0,0,-0.5263089994018667,-0.5970570159403781,-0.19499398416580288,0.6148324303281504,1.028132831912405,2.3401823100624792
ImagineDragons,0.9402026599192107,0.4449569743817663,Music,ImagineDragons,-0.6876105052702326,United States,Music,45.0,0.5204128874745799,0.637647403105871,-0.08453979833044896,88.2,0.27904907064799506,14.7,0,0,0.8073347724271422,0.46682975724229275,0.9001417940511076,0.6127955457249191,0.5373702730784362,-0.5599750601546766
Diana and Roma ESP,0.9402026599192107,0.31176441189498166,Entertainment,Diana and Roma ESP,0.0011916345037924568,United States,Entertainment,45.0,0.3786529583115596,0.5087941499609042,0.2009739119280225,88.2,0.27904907064799506,14.7,0,0,-0.7485829613733682,0.14475119667556485,0.37728353271155773,0.4981444251493373,0.5373702730784362,-0.3916916366878958
Round2hell,0.9402026599192107,-0.2822028549266905,Comedy,Round2hell,-0.8055401501287528,India,Entertainment,41.0,0.10397244087119425,0.25910463090698876,0.3679892441104192,28.1,1.428108284192824,5.36,0,0,-0.7485829613733682,-1.2870112887118572,0.569058727289503,0.27908608443336597,-1.9332780935697111,-0.22395194090040574
Zee News,0.9256596485920541,0.44280054049460565,News & Politics,Zee News,2.163201251390412,India,News,41.0,0.7293753853028611,0.8222725084027256,0.6535043273957786,28.1,1.428108284192824,5.36,0,0,1.2518826963701453,0.46847660294132215,-0.9489406546000897,0.777577814935277,-1.9332780935697111,0.28256501639060183
AboFlah,0.9256596485920541,-0.1246271263940792,Gaming,AboFlah,0.04009543607453693,Kuwait,Entertainment,1.0,0.4785819905807082,0.5996225630221529,0.971990294161869,54.4,-3.231262322560911,2.18,0,0,-0.7485829613733682,-0.9014262296706909,0.10697242682160175,0.5794660947338218,1.4404824340173474,1.4381222136231382
AH,0.9183523421504945,-0.14319239276287762,Entertainment,AH,0.5036584183933277,Indonesia,Entertainment,4.0,0.011621284510626485,0.17522993502782053,0.2009739119280225,36.3,0.12229127653497812,4.69,1,0,-0.30403503743036525,-0.9426772026534282,-0.20377285892008803,0.20397003061825764,-0.8211663914313476,-0.3883757365378186
Trap Nation,0.9183523421504945,0.36714933485434204,Music,Trap Nation,0.5847489378977635,United States,Music,46.0,0.189239260607531,0.33661236542592776,0.2009739119280225,88.2,0.27904907064799506,14.7,1,0,0.14051288651263774,0.28896187654672717,0.030339113238794502,0.3501509577333016,0.5373702730784362,-0.3883757365378186
ýýýýýýýýýýýýýýý ýýýýýý ýýýýýýýýýýýýýýýýýý,0.9183523421504945,0.47508483792393147,Entertainment,ýýýýýýýýýýýýýýý ýýýýýý ýýýýýýýýýýýýýýýýýý,-0.029988807156440568,United States,Entertainment,46.0,0.4200164518685007,0.5463909363231338,0.3679892441104192,88.2,0.27904907064799506,14.7,0,0,-1.1931308853163711,0.5500231604801933,0.4892269318246723,0.5326019785802075,0.5373702730784362,-0.2189942137492892
Boram Tube Vlog [ï¿½ï¿½ï¿½ï¿½ï¿½ï¿½ï¿½ï¿½ï¿,0.9110209588740004,0.35169749800493877,Entertainment,Boram Tube Vlog [ï¿½ï¿½ï¿½ï¿½ï¿½ï¿½ï¿½ï¿½ï¿,-0.35650744711729393,United States,Entertainment,47.0,0.02522334608926492,0.18750537888278582,0.2009739119280225,88.2,0.27904907064799506,14.7,1,0,0.14051288651263774,0.2550579107501238,0.6319075736245653,0.22205173860264885,0.5373702730784362,-0.38725589290956436
Adele,0.9036653395764689,0.3721206682225842,Music,Adele,-1.3505389279605933,United Kingdom,Music,6.0,0.44553541619165343,0.5695929536320351,-0.08453979833044896,60.0,-1.003205685454774,3.85,0,0,1.0296087343986438,0.30791196800374904,1.3014263663523737,0.5533756637812396,0.5987927827115396,-0.55718446523568
Talking Tom,0.9036653395764689,0.40167075108679984,Comedy,TalkingTom,-1.9810615219516157,United States,Entertainment,7736.0,0.26768662202931587,-2.2398305342958547,0.2009739119280225,88.2,0.27904907064799506,14.7,1,0,1.0296087343986438,0.37937422346952954,1.8092578790290177,-2.338923974921691,0.5373702730784362,-0.38612865749394465
ýýýýýýýý ýýýýýýýý ýýýýýýýýýý | toyoraljanahtv,0.9036653395764689,0.6619729467644815,Entertainment,ýýýýýýýý ýýýýýýýý ýýýýýýýýýý | toyoraljanahtv,0.651552482519391,Jordan,Music,1.0,0.4073276919141709,0.5348411573842314,-0.08453979833044896,34.4,-2.525543324008894,14.72,0,0,1.0296087343986438,1.0092275169315035,0.1526651627481945,0.5229765291436715,0.9875619931592705,-0.55718446523568
Frost Diamond,0.8962853234878313,0.08197207995563861,Gaming,frostdiamond,-2.3948665529838955,Unknown,Entertainment,-1.0,0.26768662202931587,-2.2398305342958547,-4.025314101973207,68.0,0.27904907064799506,9.02,0,1,1.4741566583416468,-0.3896137338500396,-3.737549627379587,-2.338923974921691,0.5373702730784362,-0.7287953991684295
Spinnin' Records,0.8962853234878313,0.5122078911010699,Music,Spinnin' Records,1.127023178352604,Netherlands,Music,1.0,0.37183840659960615,0.5026163140497947,-0.08453979833044896,85.0,-2.090558286450771,3.2,0,0,1.2518826963701453,0.6502553355534334,-0.23925731954069082,0.494437520104048,1.0222118367333923,-0.5566152393761181
Little Angel: Nursery Rhymes & Kids Songs,0.8962853234878313,0.573746466517086,Education,Little Angel: Nursery Rhymes & Kids Songs,0.32005727277306945,United States,Education,49.0,0.3887121623574956,0.5179346220275863,0.2009739119280225,88.2,0.27904907064799506,14.7,1,0,-0.5263089994018667,0.7991696103395626,0.317786955318429,0.5093365965222626,0.5373702730784362,-0.38499395686153987
jacksepticeye,0.8962853234878313,0.4305964586472264,Gaming,jacksepticeye,0.8217979094874189,Unknown,Games,2.0,0.15993289494497379,0.3099567685692563,-0.08453979833044896,68.0,0.27904907064799506,9.02,0,0,1.2518826963701453,0.45281850185533,-0.0875033732771518,0.32277162416199795,0.5373702730784362,-0.5566152393761181
Shawn Mendes,0.888880748233002,0.3281467052350024,Music,Shawn Mendes,-0.5500385173654971,Canada,Music,4.0,0.3438318277852553,0.4771373043114278,0.2009739119280225,68.9,-1.4797768836856011,5.56,1,0,0.3627868484841392,0.20856057888598267,0.744682744115736,0.4742138684982103,0.5548046918848967,-0.3838517166071063
ashish chanchlani vines,0.8739972625702436,-0.13078234155463922,Comedy,ashish chanchlani vines,-0.5025638213699984,India,Comedy,42.0,0.05825144452198238,0.21755339329775059,-0.08453979833044896,28.1,1.428108284192824,5.36,0,0,0.8073347724271422,-0.8919809925125359,0.4559907261485353,0.2532666885968055,-1.9332780935697111,-0.5548846782820819
Ultra Records,0.859013550663225,0.4555531296229099,Music,Ultra Records,0.8059305885075099,United States,Music,50.0,0.32500410811096764,0.4599956861522878,0.2009739119280225,88.2,0.27904907064799506,14.7,1,0,1.4741566583416468,0.5307783682924566,-0.0632146190634942,0.45593996723482866,0.5373702730784362,-0.3792058361903824
Popular on YouTube,0.8363470781594976,-9.775571997308072,Entertainment,Popular on Youtube,-1.8727027404722443,Unknown,Education,-1.0,-3.7740140504713593,-2.2398305342958547,0.2009739119280225,68.0,0.27904907064799506,9.02,1,1,-0.9708569233448697,-6.167125373049025,-3.737549627379587,-2.3299002093069046,0.5373702730784362,-0.37563846277839186
Maluma,0.8363470781594976,0.5466685228133408,Music,MaLuMa,-1.3748481087494657,Argentina,People,3624.0,-3.2877160943044084,-2.2274427184216,0.2009739119280225,90.0,-1.3229934936160224,9.79,1,0,-0.5263089994018667,0.761938999875284,1.4162773992391655,-2.244076985054085,1.028132831912405,-0.37563846277839186
Zhong,0.828739984224759,0.38797378786097647,Entertainment,Zhong,0.3632417338330866,United States,Entertainment,51.0,0.5098779268903488,-2.2398305342958547,0.8639193517254113,88.2,0.27904907064799506,14.7,0,0,-0.5263089994018667,0.3816005823478841,0.18548081885177986,-2.338923974921691,0.5373702730784362,1.0193523700284637
Enaldinho,0.828739984224759,0.2853826806115695,Comedy,Enaldinho,0.6952089965681694,Brazil,Games,10.0,0.6310703733091707,0.7360717570357304,0.8639193517254113,51.3,-0.0710351183317133,12.08,0,0,0.14051288651263774,0.13354470389443696,-0.08710309859619662,0.6988689406102565,0.7303521859778146,1.0193523700284637
AuronPlay,0.828739984224759,-0.16932785046696358,Comedy,AuronPlay,-0.13343301565262666,Spain,Comedy,3.0,-0.12132932860807007,0.05439245564782887,0.2009739119280225,88.9,-1.2855454083931885,13.96,1,0,1.4741566583416468,-0.963497613256154,0.19440946775244802,0.10451107474208306,0.4398562426781722,-0.3744331043385231
Shorts Break,0.8134473274071428,0.5090799777517951,Comedy,shorts break,-0.978167006977472,Unknown,Entertainment,-1.0,-1.3600429804802752,-1.0711470974988762,-2.7574606001733124,68.0,0.27904907064799506,9.02,0,1,-1.8599527712308757,0.68179146816524,1.1273239093073113,-0.8763317668339067,0.5373702730784362,-0.7285354303852912
infobells - Tamil,0.8057614033302072,0.47340811712496345,Education,infobells - Tamil,-0.014076034682699369,India,Education,44.0,0.393668150658864,0.522434194600956,0.2009739119280225,28.1,1.428108284192824,5.36,0,0,-0.30403503743036525,0.599109144466488,0.47796645612126976,0.5128336673161277,-1.9332780935697111,-0.370767151529597
Aditya Music India,0.7747494336270679,0.6323372967649179,Music,Aditya Music,-2.3948665529838955,Unknown,Music,-1.0,0.26768662202931587,-2.2398305342958547,0.2009739119280225,68.0,0.27904907064799506,9.02,1,1,0.5850608104556407,0.9983711157847168,-3.737549627379587,-2.338923974921691,0.5373702730784362,-0.3657595781831822
The Late Late Show with James Corden,0.7669284315273414,0.21804718320080865,Entertainment,The Late Late Show with James Corden,0.8697857882536632,United States,Entertainment,53.0,0.060598687236977984,0.2195742767306444,0.2009739119280225,88.2,0.27904907064799506,14.7,1,0,1.4741566583416468,-4.972851105927031e-05,-0.23794309612673728,0.25314551892194764,0.5373702730784362,-0.36448572153705383
Aditya Movies,0.7669284315273414,0.22264444699514652,Movies,Aditya Movies,0.844793113022154,India,Film,45.0,0.5638239380588721,0.677120310988486,0.5784039938330275,28.1,1.428108284192824,5.36,0,0,0.14051288651263774,0.011059374985649698,-0.21918132520708017,0.6461128021764411,-1.9332780935697111,0.17724500982631294
Masha y el Oso,0.7590798420624929,0.3526767421459407,Film & Animation,Masha y El oso,-1.6619169783964216,Unknown,Entertainment,-1.0,-3.6791920276263568,-2.2377151202531764,0.2009739119280225,68.0,0.27904907064799506,9.02,1,1,-1.4154048472878726,0.32910500167885565,1.5138987911812247,-2.3229853662832576,0.5373702730784362,-0.3632028939586386
infobells - Telugu,0.7590798420624929,0.3905292878908449,Education,infobells - Telugu,-0.04956946661887218,India,Education,45.0,0.619208898948446,0.7360717570357304,0.7720039068700575,28.1,1.428108284192824,5.36,0,0,-0.30403503743036525,0.4206509494151404,0.45443678411137467,0.6897333471694959,-1.9332780935697111,0.7184068671058772
HUM TV,0.7590798420624929,0.5971544757846642,Entertainment,HUM TV,1.9670381297232231,Pakistan,Entertainment,3.0,0.8217016434574167,0.9084732794546383,0.7170007726980412,9.0,-0.05599262021287701,4.45,0,0,0.3627868484841392,0.9206091731831694,-0.7352820426628146,0.8501822982182822,-1.807910204178686,0.5396962235694895
Shemaroo Movies,0.75120346992313,0.10083766789625137,Entertainment,Shemaroo Movies,0.6220778870679776,India,Film,46.0,0.5155691384086502,0.6332679077880574,0.5784039938330275,28.1,1.428108284192824,5.36,0,0,0.3627868484841392,-0.27575160366638524,-0.14339850101869644,0.6086665162231503,-1.9332780935697111,0.18361476195165358
Michael Jackson,0.75120346992313,0.378595246117688,Music,Michael Jackson,-1.3505389279605933,United States,Music,54.0,0.4795913242417664,0.6005629621222721,0.2009739119280225,88.2,0.27904907064799506,14.7,0,0,1.6964306203131483,0.39550336782698664,1.3050626534152447,0.5794115849252327,0.5373702730784362,-0.3619110003481394
Drake,0.743299117718422,0.40507221350420575,Music,drake,-1.8727027404722443,Unknown,Film,-1.0,-3.125616775582092,-2.215737155304309,-4.541342433853443,68.0,0.27904907064799506,9.02,0,1,1.6964306203131483,0.46327399582209217,1.7123154144561086,-2.2192419020221914,0.5373702730784362,-0.7288039002274911
Goldmines Dishoom,0.735366585946377,0.15463108597867184,Film & Animation,Goldmines Dishoom,0.7176133147094909,Unknown,Film,-1.0,0.431677682793778,0.5569755377998048,0.4864886519553722,68.0,0.27904907064799506,9.02,0,1,-0.7485829613733682,-0.13838353996885527,-0.17504192937264873,0.541773446292142,0.5373702730784362,0.007595119539227913
Sandeep Maheshwari,0.7194161749548351,-0.4174779332999472,People & Blogs,Sandeepmaheshwari,-2.3948665529838955,Singapore,Entertainment,3017.0,0.26768662202931587,-2.2398305342958547,-4.541342433853443,84.8,-2.986076819109592,4.11,0,0,1.0296087343986438,-1.5080395825142703,-3.737549627379587,-2.338923974921691,1.4404824340173474,-0.7288038802901955
Bounce Patrol - Kids Songs,0.7194161749548351,0.542784158671521,Music,Bounce Patrol - Kids Songs,-0.2553638121283421,Australia,Music,1.0,0.4284520032529826,0.5540762553814329,0.2009739119280225,113.1,-1.7711271269463045,5.27,1,0,-0.08176107545886376,0.8077461174203552,0.673502307859179,0.5387352759626354,0.6568344723792388,-0.35665081586802894
toycantando,0.7113978859010366,0.4178822165994246,Music,toycantando,0.026961689411288767,Colombia,Music,4.0,0.5010558646706572,0.6200504009618675,0.2009739119280225,55.3,-1.2315578190260055,9.71,0,0,0.8073347724271422,0.509316160773099,0.4201739528457919,0.595662458516022,0.46760705376012723,-0.35531211753549297
MrBeast 2,0.6952740993740895,-0.12166040735570192,People & Blogs,Leaux Pass,-1.1397531658847706,United States,Music,5889.0,-2.4214093685807896,-2.2398305342958547,0.2009739119280225,88.2,0.27904907064799506,14.7,1,0,0.3627868484841392,-0.786053186630564,0.8808034029282419,-2.338923974921691,0.5373702730784362,-0.3526056183529996
Wiz Khalifa,0.6952740993740895,0.34630771786330455,Music,Wiz Khalifa,0.06341325669387914,United States,Music,57.0,0.3482716695823196,0.4811710692810444,-0.08453979833044896,88.2,0.27904907064799506,14.7,0,0,1.0296087343986438,0.34380618533714197,0.356345637711304,0.47397988462742713,0.5373702730784362,-0.5403649213192951
JYP Entertainment,0.6871681785563292,0.5182789953513124,Music,JYP Entertainment,0.4186651257650223,South Korea,Music,4.0,0.6345404397348274,0.7360717570357304,0.2009739119280225,94.3,-1.2099295806788581,4.15,0,0,1.0296087343986438,0.7636678996088623,0.22276767988659976,0.7027259470787831,0.4843914540842102,-0.3512376058446651
ýýý Kids Roma Show,0.6871681785563292,0.23429182282027836,People & Blogs,ýýý Kids Roma Show,0.04068167988380988,United States,Entertainment,58.0,0.5037417249119205,0.6225127665611127,0.4864886519553722,88.2,0.27904907064799506,14.7,0,0,-0.5263089994018667,0.07681343576145983,0.3081703388990606,0.5978841126610394,0.5373702730784362,0.02360438852008928
DanTDM,0.6871681785563292,0.5080004142683909,Gaming,DanTDM,0.6962381271849473,United Kingdom,Games,7.0,0.3156340100923445,0.4515198277556488,0.5784039938330275,60.0,-1.003205685454774,3.85,0,0,0.14051288651263774,0.7387943351384818,0.03725832753081177,0.45131231322120535,0.5987927827115396,0.2100153273363958
Nick Jr.,0.6790326199376617,0.5708048399152787,Film & Animation,Nick Jr.,0.8449316424725641,United States,Entertainment,59.0,0.17189188995735946,0.3208483736900181,0.2009739119280225,88.2,0.27904907064799506,14.7,0,0,0.14051288651263774,0.8946312336823434,-0.02373537801642583,0.3322666580475739,0.5373702730784362,-0.34985960771104463
Crazy XYZ,0.6790326199376617,0.10677945304340518,Entertainment,Crazy XYZ,0.29407030938193907,India,Tech,48.0,0.37691409651771013,0.5071884651405437,-0.08453979833044896,28.1,1.428108284192824,5.36,0,0,-0.9708569233448697,-0.22740748434497357,0.07235991166775482,0.498237058465555,-1.9332780935697111,-0.5389869231856748
ToyPuddingTV,0.6626717167905151,0.4216952900634088,Entertainment,ToyPudding TV[ï¿½ï¿½ï¿½ï¿½ï,-1.9810615219516157,Unknown,People,-1.0,-3.3028090653229083,-2.2274427184216,0.2009739119280225,68.0,0.27904907064799506,9.02,1,1,-0.9708569233448697,0.5415372568009152,1.8205041677086604,-2.248560853320336,0.5373702730784362,-0.34707321401777924
Dushyant kukreja,0.6626717167905151,0.4583298872854384,Entertainment,Dushyant kukreja,0.16312559503536475,India,Entertainment,49.0,0.7126888495151906,0.8101207876260659,0.7170007726980412,28.1,1.428108284192824,5.36,0,0,-0.5263089994018667,0.6301697514789756,0.3546363785524122,0.7637346602526054,-1.9332780935697111,0.595155746817152
Gulshan Kalra,0.6626717167905151,0.32479271663383086,Howto & Style,Gulshan Kalra,-0.02091218551127007,Unknown,Howto,-1.0,0.7494240362153377,0.844671863774154,0.971990294161869,68.0,0.27904907064799506,9.02,0,1,-1.1931308853163711,0.3071587901998753,0.39893315108906174,0.7929281366067441,0.5373702730784362,1.7037115459888676
Brent Rivera,0.6544459299639283,0.0376374223986127,Comedy,Brent Rivera,-0.014754093500233365,United States,Entertainment,60.0,0.45775480607098373,0.5806953717492277,0.3679892441104192,88.2,0.27904907064799506,14.7,0,0,0.8073347724271422,-0.3827432807437388,0.23366627819973093,0.5614996911328572,0.5373702730784362,-0.15514918515120865
Renato Garcia YT,0.6461896206684649,0.11971806477992093,Entertainment,Renato Garcia YT,0.7251121847888548,Brazil,Entertainment,11.0,0.3279217890675071,0.462640680122299,0.2009739119280225,51.3,-0.0710351183317133,12.08,0,0,0.3627868484841392,-0.18068767432909275,-0.19950497436064965,0.46078527900570804,0.7303521859778146,-0.3442455398558288
Beast Reacts,0.6295845226961957,-0.13763963340722513,People & Blogs,Beast Reacts,-0.3273946436170663,United States,Entertainment,61.0,0.6093250029856498,0.7175733843469979,0.9390197539400041,88.2,0.27904907064799506,14.7,0,0,-0.7485829613733682,-0.7936733021707426,0.33815835135182365,0.6829728688098379,0.5373702730784362,1.5535569802595186
enchufetv,0.6295845226961957,0.23348834085202924,Comedy,enchufetv,0.19786928163292455,Colombia,Comedy,5.0,0.04151027217868626,0.20240667463745252,0.2009739119280225,55.3,-1.2315578190260055,9.71,1,0,0.3627868484841392,0.10202443528506233,0.20584703242880856,0.2383580051975649,0.46760705376012723,-0.3413756610186278
Netflix,0.6295845226961957,0.07573436393154054,Entertainment,Netflix,0.9104293078026445,United States,Entertainment,62.0,0.4108995410063703,0.5381028827952155,0.2009739119280225,88.2,0.27904907064799506,14.7,0,0,0.14051288651263774,-0.2790740763442833,-0.3441810531443196,0.5262790545443141,0.5373702730784362,-0.3413756610186278
Raffy Tulfo in Action,0.6128545731959631,0.39783888323622507,News & Politics,Raffy Tulfo in Action,1.0751800517174024,Philippines,News,3.0,0.48619058535094534,0.606543628763676,0.3679892441104192,35.5,-0.6156814037179327,2.15,0,0,-0.7485829613733682,0.5073371399703853,-0.2699303023440398,0.5841884694292113,-1.2805927858517596,-0.1443861726358189
WORLDSTARHIPHOP,0.6128545731959631,0.5285268056401298,Music,WORLDSTARHIPHOP,0.9331273102576391,United States,Music,63.0,0.3447496639377099,0.47797406519856156,0.2009739119280225,88.2,0.27904907064799506,14.7,1,0,1.0296087343986438,0.8235549921059749,-0.10457537491925839,0.47416342642076464,0.5373702730784362,-0.33846262550327966
Goldmines Bollywood,0.6044421896383078,0.15424200132773538,Film & Animation,Goldmines Bollywood,0.6918967547553526,India,Film,50.0,0.37098829138405814,0.5018179773062657,0.4864886519553722,28.1,1.428108284192824,5.36,0,0,-0.5263089994018667,-0.0776207414905327,-0.15861050429117052,0.4944827256976766,-1.9332780935697111,0.05189153065839732
Alan Chikin Chow,0.6044421896383078,0.6512026978287878,Comedy,Alan Chikin Chow,0.15282896558680803,United States,Comedy,63.0,0.9207446263004508,1.0024057267935016,0.971990294161869,88.2,0.27904907064799506,14.7,0,0,-1.6376788092593741,1.1244740121375623,0.46963091377253047,0.9287415612509006,0.5373702730784362,1.766684175585948
PANDA BOI,0.6044421896383078,0.45564324878095813,Entertainment,PANDA BOI,0.1947691688945845,Italy,Entertainment,1.0,0.9576868823132777,1.035177746704603,1.1494349155734247,61.9,-1.0861332196372198,9.89,0,0,-1.6376788092593741,0.6511561390923014,0.33262352141915835,0.9577559887301093,-0.0661975845267701,3.0623226661561223
BB Ki Vines,0.5959978804510706,-0.10324795924130031,Entertainment,BB Ki Vines,-0.41653699004247596,India,Entertainment,51.0,-0.0390409317480979,0.12921080091054035,0.2009739119280225,28.1,1.428108284192824,5.36,1,0,-0.5263089994018667,-0.6950252791635647,0.41544285285989757,0.16954856310323507,-1.9332780935697111,-0.33550545245763524
D Billions,0.5875214023904969,0.7245449521953838,Entertainment,D Billions,0.1114969917441002,United States,Entertainment,64.0,0.7420035355388268,0.8337670505397957,0.2009739119280225,88.2,0.27904907064799506,14.7,0,0,-1.4154048472878726,1.3100389171186246,0.5376073417380409,0.7871089892209,0.5373702730784362,-0.3340099996862327
Junya.ï¿½ï¿½ï¿½ï¿½,0.5875214023904969,0.42659435414655794,Entertainment,Junya.ï¿½ï¿½ï¿½ï¿½,0.8810264387238581,Japan,Entertainment,2.0,0.8340027089863353,0.9236652609153718,0.9031787387131034,63.2,-0.49090786718951257,2.29,0,0,-1.6376788092593741,0.5888596587540053,-0.12809471900617325,0.8595488819985535,1.014482286745622,1.4063336542135012
Smosh,0.5790125094222475,0.23843198501437968,Comedy,Smosh,0.3887307968590245,United States,Comedy,65.0,0.2820897873314971,0.4209879146805035,0.4864886519553722,88.2,0.27904907064799506,14.7,0,0,1.6964306203131483,0.1378225616147197,0.08498556287278997,0.4252464941397713,0.5373702730784362,0.06079716421347785
1MILLION Dance Studio,0.5790125094222475,0.1168555377836403,Entertainment,1MILLION Dance Studio,-2.3948665529838955,Saudi Arabia,Music,3695.0,0.26768662202931587,-2.2398305342958547,0.2009739119280225,68.0,-1.5413900068076587,5.93,1,0,-1.4154048472878726,-0.15594766085325573,-3.737549627379587,-2.338923974921691,0.6200564387211577,-0.33250313107914525
NichLmao,0.5704709526785697,0.3691111994110434,People & Blogs,NichLmao,0.1541315429244586,Unknown,People,-1.0,0.7932321796689998,0.8834329271932252,0.9031787387131034,68.0,0.27904907064799506,9.02,0,1,-1.1931308853163711,0.4578479398787614,0.3103570950483266,0.8278720914510692,0.5373702730784362,1.4224221528139636
Beyoncï¿,0.5704709526785697,0.4580919258721038,Music,Beyoncï¿,-0.32895432108958295,United States,Music,66.0,0.2338572753238099,0.3771442584560443,0.2009739119280225,88.2,0.27904907064799506,14.7,1,0,1.6964306203131483,0.6731174798048092,0.6737500131173909,0.38819939905311085,0.5373702730784362,-0.330984715417317
Marï¿½ï¿½ï¿½ï¿½ï¿½,0.5704709526785697,0.4892622401592419,Music,mariliamendonca,-2.1337846467280697,Unknown,Music,-1.0,-3.611914731749042,-2.2377151202531764,-4.255826664049493,68.0,0.27904907064799506,9.02,0,1,1.0296087343986438,0.748543676315679,2.0274414780587273,-2.3163197617473354,0.5373702730784362,-0.7287997575132176
Indosiar,0.5618964804146056,0.27574259020531033,Music,Indosiar,1.781010119043304,Indonesia,Entertainment,5.0,0.5667149074174807,0.6797457172955741,0.6535043273957786,36.3,0.12229127653497812,4.69,0,0,-0.08176107545886376,0.23609535291022118,-0.795383340173367,0.6477634327744121,-0.8211663914313476,0.46014829250084793
VanossGaming,0.553288837963879,0.4113327009233157,Gaming,VanossGaming,0.42059288325293664,Canada,Games,5.0,0.2317093275301425,0.37521855331171955,0.2009739119280225,68.9,-1.4797768836856011,5.56,1,0,0.3627868484841392,0.5680942901353028,0.1614554501866354,0.3808730819254732,0.5548046918848967,-0.3279127079202205
David Guetta,0.5446477676929199,0.47008444073398664,Music,David Guetta,0.09866062391065972,United States,Music,67.0,0.4877408696136703,0.6079724212851102,-0.08453979833044896,88.2,0.27904907064799506,14.7,0,0,0.8073347724271422,0.7143269919183642,0.4030153502851183,0.5866213359634714,0.5373702730784362,-0.5271923266661313
LosPolinesios,0.5446477676929199,0.09312706806216826,People & Blogs,LosPolinesios,0.20056110625941503,Mexico,People,8.0,0.09405715525729504,0.2500639028714416,0.2009739119280225,40.2,-0.4922656323482104,3.42,1,0,0.14051288651263774,-0.19706366939849757,0.1252724797675658,0.279612072347956,0.48494866610172105,-0.3263588433960167
Nicki Minaj,0.5446477676929199,0.23034979899161645,Music,Nicki Minaj,-0.978167006977472,United States,Music,67.0,0.38008580430854816,0.5100802811837278,-0.08453979833044896,88.2,0.27904907064799506,14.7,0,0,-0.08176107545886376,0.1344920108816099,0.9707819759989048,0.5020547960999259,0.5373702730784362,-0.5271923266661313
Fede Vigevani,0.5359730089549738,0.12103441156446064,Howto & Style,Fede Vigevani,-2.3948665529838955,Unknown,Entertainment,-1.0,0.26768662202931587,-2.2398305342958547,-4.3743264151535985,68.0,0.27904907064799506,9.02,0,1,-1.4154048472878726,-0.1255720064521203,-3.737549627379587,-2.338923974921691,0.5373702730784362,-0.7288016918605198
TaylorSwiftVEVO,0.5359730089549738,0.6278551225563679,Music,TaylorSwiftVEVO,-0.2618469596402081,United States,Music,68.0,0.6427286724607274,0.7530886115224619,-0.08453979833044896,88.2,0.27904907064799506,14.7,0,0,0.8073347724271422,1.1002899029244395,0.725491147574708,0.7088488589160487,0.5373702730784362,-0.5264063074426361
ZHC,0.5272642980428546,-0.34414600474646473,Film & Animation,zhc,-1.71997961569579,Unknown,Entertainment,-1.0,-3.2241217073490764,-2.2234688203427315,-4.163911116216208,68.0,0.27904907064799506,9.02,0,1,1.4741566583416468,-1.242319125285011,1.1669956572554878,-2.220212773056375,0.5373702730784362,-0.7287976041602019
Post Malone,0.5272642980428546,0.3782560703491174,Music,Post Malone,-0.7490634586310432,United States,Music,69.0,0.5285210563620198,0.6450329659928502,-0.08453979833044896,88.2,0.27904907064799506,14.7,0,0,0.3627868484841392,0.5003590684202013,0.9029274891890766,0.6187666801179034,0.5373702730784362,-0.5256141354033131
Rans Entertainment,0.5185213681408036,0.0282829825430154,People & Blogs,Rans Entertainment,0.70154474481811,Indonesia,Entertainment,6.0,0.24631046801728337,0.38843686997015814,-0.08453979833044896,36.3,0.12229127653497812,4.69,0,0,-0.5263089994018667,-0.3413171836605074,-0.23559878274146345,0.3947187512592688,-0.8211663914313476,-0.5248157380195108
LankyBox,0.5185213681408036,0.7549874658770929,Comedy,LankyBox,1.0251361440642448,United States,Games,69.0,0.8624849344861254,0.95113532466164,0.6535043273957786,88.2,0.27904907064799506,14.7,0,0,-0.7485829613733682,1.4163494101925924,-0.03695142156864446,0.8825971051015298,0.5373702730784362,0.4832817755492213
Coldplay,0.5097439492754942,0.4586608864083973,Music,Coldplay,-0.13905493451772138,United Kingdom,Music,8.0,0.5325250233981407,0.6486718005424429,-0.08453979833044896,60.0,-1.003205685454774,3.85,0,0,0.5850608104556407,0.7031619804908085,0.5507518062348844,0.6206436666603299,0.5987927827115396,-0.5240110416181333
Las Ratitas,0.5009317682659525,0.20230891835404843,People & Blogs,LAS RATITAS,-1.7886531397817453,Unknown,People,-1.0,-3.3549933901817233,-2.231492314331855,0.2009739119280225,68.0,0.27904907064799506,9.02,1,1,-1.4154048472878726,0.08732896792760775,1.5283012218383734,-2.263932997481317,0.5373702730784362,-0.3184052652268537
WB Kids,0.5009317682659525,0.2645106129746268,People & Blogs,WB Kids,0.47296635735158316,United States,Film,70.0,0.45096449893466306,0.574535955363639,0.3679892441104192,88.2,0.27904907064799506,14.7,0,0,-0.5263089994018667,0.23769568335827823,0.04507881891993771,0.5560547978906779,0.5373702730784362,-0.11441525549610625
ABPLIVE,0.5009317682659525,0.1213416346520332,People & Blogs,ABPLIVE,-1.4287486973868493,Unknown,People,-1.0,-3.6791920276263568,-2.2377151202531764,0.2009739119280225,68.0,0.27904907064799506,9.02,1,1,-0.30403503743036525,-0.10831590272977695,1.21498513259828,-2.3229853662832576,0.5373702730784362,-0.3184052652268537
Chris Brown,0.5009317682659525,0.41074986750426057,Music,ChrisBrown,-2.3948665529838955,Unknown,Entertainment,-1.0,0.26768662202931587,-2.2398305342958547,0.2009739119280225,68.0,0.27904907064799506,9.02,1,1,-0.08176107545886376,0.5913967659955801,-3.737549627379587,-2.338923974921691,0.5373702730784362,-0.3184052652268537
The Lallantop,0.5009317682659525,0.23734398563405665,News & Politics,The Lallantop,1.6889459228929025,India,News,52.0,0.6073975112262864,0.7175733843469979,0.3679892441104192,28.1,1.428108284192824,5.36,0,0,-0.5263089994018667,0.17201648870736058,-0.7573579174787473,0.680085293984011,-1.9332780935697111,-0.11441525549610625
RihannaVEVO,0.4920845486725791,0.508914248416176,Music,RihannaVEVO,-0.59475438805293,United States,Music,71.0,0.35788592365897154,0.48992019526890723,0.2009739119280225,88.2,0.27904907064799506,14.7,1,0,0.8073347724271422,0.8331122540215128,0.8753807071020382,0.4824416215886659,0.5373702730784362,-0.3167766748202568
WatchMojo.com,0.4920845486725791,0.4335373142271147,Music,WatchMojo.com,1.4169975223966738,Canada,Entertainment,6.0,0.20496391219909788,0.3508542944638001,0.2009739119280225,68.9,-1.4797768836856011,5.56,1,0,1.2518826963701453,0.6507070666488559,-0.4711430167766549,0.3664901848888664,0.5548046918848967,-0.3167766748202568
TRANS7 OFFICIAL,0.4832020107451086,0.37121503253815474,Entertainment,TRANS7 OFFICIAL,1.8984772520893731,Indonesia,Entertainment,7.0,0.4205162602686941,0.5468660134489061,-0.08453979833044896,36.3,0.12229127653497812,4.69,0,0,-0.30403503743036525,0.5041213147488813,-0.8177971943003218,0.5325752265046755,-0.8211663914313476,-0.5215584039312271
Anuel AA,0.4832020107451086,0.3909069294714934,Music,Anuel AA,-0.512608725223012,Colombia,Music,6.0,0.6159673204054558,0.7175733843469979,0.3679892441104192,55.3,-1.2315578190260055,9.71,0,0,-0.7485829613733682,0.5517588332758682,0.7555300262559916,0.6870242085659823,0.46760705376012723,-0.10952933100122551
Dan Rhodes,0.46532984401389677,0.46005925020066235,Entertainment,Dan Rhodes,0.39449908066908307,United Kingdom,Entertainment,9.0,0.6522903025924117,0.7530886115224619,0.5784039938330275,60.0,-1.003205685454774,3.85,0,0,-0.5263089994018667,0.7275134065660421,0.20572112329225395,0.7159332179409876,0.5987927827115396,0.3074640006874348
Yuya,0.46532984401389677,-0.36675940125068074,Howto & Style,Yuya,0.057857675574205736,Mexico,Howto,9.0,-0.9600744422672616,-0.7153185949675179,0.2009739119280225,40.2,-0.4922656323482104,3.42,1,0,0.8073347724271422,-1.26759817862739,-0.04052961832451059,-0.5592347136841856,0.48494866610172105,-0.31181241606159804
America's Got Talent,0.46532984401389677,-0.2117518008505837,Entertainment,America's Got Talent,0.44778857759437546,United States,Entertainment,72.0,0.44090649126813913,0.5653643662929736,0.4864886519553722,88.2,0.27904907064799506,14.7,0,0,1.4741566583416468,-0.8949677739752769,-0.2060970474312344,0.5506086187458236,0.5373702730784362,0.10185822429615506
mujjuu___14,0.46532984401389677,0.3858548900713028,People & Blogs,mujjuu___14,0.15586133504118282,Unknown,People,-1.0,0.696073273272584,0.7972321610625426,0.8205201172558382,68.0,0.27904907064799506,9.02,0,1,-1.6376788092593741,0.5479720584878806,0.3186398493860267,0.7508374447025982,0.5373702730784362,1.121839769204875
EminemVEVO,0.4563396386731978,0.5322125390257149,Music,EminemVEVO,-0.6418985341619919,United States,Music,73.0,0.44949995460200015,0.573206151330971,-0.08453979833044896,88.2,0.27904907064799506,14.7,0,0,0.8073347724271422,0.9063793945957506,0.9192561581060804,0.5561343103856682,0.5373702730784362,-0.5190463081212237
Chloe Ting,0.4563396386731978,-0.30347909300074927,Howto & Style,Chloe Ting,-0.1260653172464494,Australia,Howto,2.0,0.030705601688585323,0.1925894157428866,0.2009739119280225,113.1,-1.7711271269463045,5.27,1,0,0.3627868484841392,-1.1113895201835406,0.11428617321676741,0.22176471572771128,0.6568344723792388,-0.3101309731477482
KatyPerryVEVO,0.44731296181287533,0.595528553015022,Music,KatyPerryVEVO,-0.4473439264050917,United States,Music,74.0,0.34433458546189,0.47761585658780426,-0.08453979833044896,88.2,0.27904907064799506,14.7,0,0,0.8073347724271422,1.063905710783957,0.8279431804141077,0.474186356343239,0.5373702730784362,-0.5181953547182847
Mark Rober,0.44731296181287533,-0.21782149056211825,Science & Technology,Mark Rober,-0.5884765498728919,United States,Tech,74.0,0.3435048505516087,0.4768376611921739,0.2009739119280225,88.2,0.27904907064799506,14.7,0,0,0.3627868484841392,-0.9011172686442934,0.4631299081483498,0.4742276230411431,0.5373702730784362,-0.3084359150892501
1theK (ï¿½ï¿½ï¿½ï¿½ï,0.43824951631140274,0.5992816890744294,Music,1theK (ï¿½ï¿½ï¿½ï¿½ï,1.3151037731279955,South Korea,Entertainment,6.0,0.38441438924203825,0.5140437215543989,0.2009739119280225,94.3,-1.2099295806788581,4.15,1,0,0.3627868484841392,1.0772719641966366,-0.312101325546002,0.5057334643320044,0.4843914540842102,-0.30672707584411846
Like Nastya AE,0.42914900140154866,0.31281474996169567,Entertainment,Like Nastya AE,0.049939573181844096,United States,Entertainment,75.0,0.49565175519490184,0.6151636083303543,0.4864886519553722,88.2,0.27904907064799506,14.7,0,0,-1.1931308853163711,0.3883698021853844,0.3462692437891428,0.593555739387312,0.5373702730784362,0.11536554600160495
Amit Bhadana,0.42001111261052765,-0.403168993421571,Entertainment,Amit Bhadana,-1.3061745846635104,Unknown,People,-1.0,-3.51709270890404,-2.235620548067013,0.2009739119280225,68.0,0.27904907064799506,9.02,1,1,0.8073347724271422,-1.3337502087835487,0.8354891378618426,-2.3021464077181037,0.5373702730784362,-0.3032673760156361
Pen Movies,0.42001111261052765,0.04012991211849127,Film & Animation,Pen Movies,0.3997289963495805,India,Film,53.0,0.35938728998231545,0.4912693069040924,0.3679892441104192,28.1,1.428108284192824,5.36,0,0,-0.30403503743036525,-0.2663209865677186,-0.03350900173981956,0.4866945403564111,-1.9332780935697111,-0.09179909714146987
MrBeast en Espaï¿½ï,0.410835541698847,-0.34830528218187085,Entertainment,MrBeast en Espaï¿½ï,-0.8055401501287528,Mexico,Entertainment,10.0,0.11661736811610285,0.2706430351772944,-0.08453979833044896,40.2,-0.4922656323482104,3.42,0,0,-1.8599527712308757,-1.1977616287884072,0.5319339293901622,0.2911541457178914,0.48494866610172105,-0.5147213590878372
shfa show India,0.410835541698847,0.4164071272385954,Entertainment,shfa show India,-0.07736858766256526,United Arab Emirates,People,3.0,0.46844271183941255,0.5904046844573311,0.2009739119280225,36.8,-2.5523985512383427,2.35,0,0,-1.4154048472878726,0.6476124796877053,0.4870009001025395,0.5720552771176411,0.7603035088114829,-0.30151616956990385
Super JoJo - Nursery Rhymes & Kids Songs,0.4016219765979357,-1.2611875354011428,Entertainment,Super JoJo - Nursery Rhymes & Kids Songs,-1.034772537734663,United States,Education,77.0,0.6498921617871913,0.7530886115224619,-0.08453979833044896,88.2,0.27904907064799506,14.7,0,0,-1.4154048472878726,-3.340793396280636,0.17067892068039164,0.7148155008739159,0.5373702730784362,-0.5138348787599317
Alejo Igoa,0.4016219765979357,0.2612627334278473,Comedy,Alejo Igoa,0.12437964379312569,Argentina,Entertainment,4.0,0.6968258408548108,0.7972321610625426,0.6535043273957786,90.0,-1.3229934936160224,9.79,0,0,-0.30403503743036525,0.27668920420478993,0.26906720863502176,0.7518621038168789,1.028132831912405,0.5478665535432513
Daniel LaBelle,0.4016219765979357,0.3310114970114969,Comedy,Daniel LaBelle,-0.2618469596402081,Unknown,Comedy,-1.0,0.695220357701405,0.7972321610625426,0.7170007726980412,68.0,0.27904907064799506,9.02,0,1,0.8073347724271422,0.4453710682675882,0.5587762456156876,0.7498070771518671,0.5373702730784362,0.7576259931722861
netd mï¿½ï¿,0.4016219765979357,0.968601060001083,Music,netd mï¿½ï¿,1.3960118979512337,Turkey,Music,2.0,0.7100193639938105,0.8101207876260659,0.2009739119280225,23.9,-0.8245184453388444,13.49,0,0,-0.30403503743036525,1.9889428562323552,-0.15705403380516234,0.7618080751477077,0.18577386160534803,-0.2997504900975107
DJ Snake,0.4016219765979357,0.14555758989429937,Music,DJ Snake,-0.3106513728746978,United States,Music,77.0,0.2647784367616706,0.40529279829759796,0.2009739119280225,88.2,0.27904907064799506,14.7,1,0,1.0296087343986438,-0.0029986731649186615,0.4863277192537092,0.40735635340095105,0.5373702730784362,-0.2997504900975107
Diana and Roma ARA,0.4016219765979357,0.26292745078658397,Entertainment,Diana and Roma ARA,0.008918296652738664,United States,Entertainment,76.0,0.2776840028928781,0.4169728258689289,0.2009739119280225,88.2,0.27904907064799506,14.7,0,0,-1.4154048472878726,0.28071453745390185,0.3448456724966228,0.4194075131302215,0.5373702730784362,-0.2997504900975107
KSI,0.4016219765979357,-0.001664050455011449,Entertainment,KSI,0.2919719107991533,United Kingdom,Music,10.0,-0.3091556595135191,-0.11604435111569761,0.2009739119280225,60.0,-1.003205685454774,3.85,1,0,0.8073347724271422,-0.35855254012487037,0.01281461060248366,-0.04402092098833992,0.5987927827115396,-0.2997504900975107
Spider Slack,0.39237010134646144,0.36422033080456184,Comedy,Spider Slack,0.16817024505784078,Brazil,Comedy,13.0,0.846493453722378,0.9308726387630515,0.9031787387131034,51.3,-0.0710351183317133,12.08,0,0,-1.6376788092593741,0.5300687952541084,0.2985131797032545,0.8695486417007957,0.7303521859778146,1.5977313900077204
Goldmines Movies,0.39237010134646144,-0.027686137110454572,Film & Animation,Ti Ti,-1.8727027404722443,Unknown,People,-1.0,-3.611914731749042,-2.2377151202531764,0.2009739119280225,68.0,0.27904907064799506,9.02,1,1,-1.1931308853163711,-0.41699688782905014,1.4692673550502746,-2.3163197617473354,0.5373702730784362,-0.2979701574321887
Preston,0.39237010134646144,0.13794314542816097,Gaming,Preston,0.7301236967209321,United States,Entertainment,78.0,0.46919778409969815,0.5911065570204359,0.2009739119280225,88.2,0.27904907064799506,14.7,0,0,0.14051288651263774,-0.017036398754422366,-0.19251391704002813,0.5720147512769178,0.5373702730784362,-0.2979701574321887
James Charles,0.38307959602528796,-0.17052808034351655,Entertainment,James Charles,-0.04956946661887218,United States,Entertainment,79.0,0.24486253877961722,0.38716055814468825,-0.08453979833044896,88.2,0.27904907064799506,14.7,0,0,-0.5263089994018667,-0.7570499759576079,0.13933276608604148,0.3947962528243874,0.5373702730784362,-0.5120397097325554
Collins Key,0.38307959602528796,0.03842924027149988,Entertainment,Collins Key,-0.30328006968936677,United States,Entertainment,79.0,-0.1475944414505008,0.030334593340029633,0.2009739119280225,88.2,0.27904907064799506,14.7,1,0,0.3627868484841392,-0.2530305069091773,0.4213717665328459,0.08368488590898618,0.5373702730784362,-0.29617498840481243
Diana and Roma EN,0.38307959602528796,0.07813793462201174,People & Blogs,Diana and Roma EN,-0.04512939668146547,United States,Entertainment,79.0,0.5062879249657932,0.624827384455521,0.3679892441104192,88.2,0.27904907064799506,14.7,0,0,0.3627868484841392,-0.15713649368927285,0.2761103171878649,0.6000840395515762,0.5373702730784362,-0.08120411941448583
Venus Entertainment,0.37375013669113577,-0.02690458202892842,Entertainment,Venus Entertainment,-0.7892788520323408,Unknown,Entertainment,-1.0,-1.5128601189186945,-1.2083017231181536,0.2009739119280225,68.0,0.27904907064799506,9.02,1,1,-0.7485829613733682,-0.4063448703908283,0.7017615819781626,-0.9983094695112856,0.5373702730784362,-0.29436479678057575
Troom Troom,0.37375013669113577,0.23755777213997195,Howto & Style,Troom Troom,0.5408333917234328,United States,Howto,80.0,0.36714433463058693,0.4983234509671667,-0.08453979833044896,88.2,0.27904907064799506,14.7,0,0,-0.5263089994018667,0.23252054872446562,-0.014006586306151687,0.49052890280009065,0.5373702730784362,-0.5111308347982787
Enrique Iglesias,0.37375013669113577,0.4675144155374595,Music,Enrique Iglesias,-0.0988036941907322,United States,Music,80.0,0.41999362142123065,0.5463909363231338,-0.08453979833044896,88.2,0.27904907064799506,14.7,0,0,1.2518826963701453,0.7887913410122028,0.5296087514491302,0.5326053223175884,0.5373702730784362,-0.5111308347982787
Ninja,0.3643813953087728,-0.3743196916694901,Gaming,Ninja,0.4141282811251031,United States,Games,81.0,-0.2084042328865441,-0.02470839169166133,0.2009739119280225,88.2,0.27904907064799506,14.7,1,0,0.3627868484841392,-1.238468452384774,-0.27559998406047526,0.03564477815064055,0.5373702730784362,-0.2925393931945845
FaZe Rug,0.3643813953087728,0.09224633384145636,Gaming,FaZeRug,-2.3948665529838955,Canada,Games,3885.0,0.26768662202931587,-2.2398305342958547,-4.541342433853443,68.9,-1.4797768836856011,5.56,0,0,0.14051288651263774,-0.11424657514357625,-3.737549627379587,-2.338923974921691,0.5548046918848967,-0.7288035572274909
Mister Max,0.3643813953087728,0.4104584503426669,People & Blogs,Mister Max,0.2429190874875572,United Kingdom,Entertainment,11.0,0.11117270566284812,0.26568197568988805,0.2009739119280225,60.0,-1.003205685454774,3.85,1,0,-0.30403503743036525,0.6551477677065503,0.27605043618617725,0.29144998750430956,0.5987927827115396,-0.2925393931945845
That Little Puff,0.3643813953087728,0.5270652491652553,Pets & Animals,That Little Puff,0.1085733426170555,United States,Animals,81.0,0.8445204822591847,0.9308726387630515,0.9031787387131034,88.2,0.27904907064799506,14.7,0,0,-1.6376788092593741,0.9373447519262764,0.4285925742559134,0.8679191113192345,0.5373702730784362,1.6265231070734059
NickyJamTV,0.3549730396818214,0.42128443754614187,Music,NickyJamTV,-0.1447620372066479,Unknown,Music,3.0,0.31342076618678755,0.4494834455345924,-0.08453979833044896,68.0,0.27904907064799506,9.02,0,0,0.14051288651263774,0.6857844557061152,0.5334636235640022,0.4461661377341334,0.5373702730784362,-0.5092900266895126
Juan De Dios Pantoja,0.3549730396818214,-0.45024115717667906,Entertainment,Juan De Dios Pantoja,-0.3514963545183354,Mexico,People,11.0,0.19448772812588047,0.341315251889182,0.2009739119280225,40.2,-0.4922656323482104,3.42,0,0,-0.30403503743036525,-1.41619662786275,0.17826054991817344,0.34987276253081734,0.48494866610172105,-0.2906985850858184
Logan Paul,0.3549730396818214,-0.0022549371404350315,Entertainment,Logan Paul,0.08328454730611633,United States,Entertainment,82.0,-0.1486743282126018,0.029352640335897365,0.2009739119280225,88.2,0.27904907064799506,14.7,1,0,-0.5263089994018667,-0.33801165829824575,0.1477036089391002,0.08288776765461718,0.5373702730784362,-0.2906985850858184
Maya and Mary,0.3549730396818214,0.05036604373428476,Entertainment,Maya and Mary,-0.01611388404356925,United States,Entertainment,82.0,0.18261359846816475,0.33061340296972735,0.4864886519553722,88.2,0.27904907064799506,14.7,0,0,-0.08176107545886376,-0.21096547451054795,0.24169673460950836,0.34132616344032746,0.5373702730784362,0.1437423658838641
Peppa Pig Espaï¿½ï¿½ï¿½ï¿½ï¿½ï¿½ï¿½ï¿½ï¿½,0.3549730396818214,0.11873379884157491,Film & Animation,Peppa Pig Espaï¿½ï¿½ï¿½ï¿½ï¿½ï¿½ï¿½ï¿½ï¿½,0.29167118298164457,United Kingdom,Film,12.0,0.22585692298991716,0.3699303007358759,-0.08453979833044896,60.0,-1.003205685454774,3.85,0,0,-0.30403503743036525,-0.04582171255197826,0.08062788939631395,0.38117662775336986,0.5987927827115396,-0.5092900266895126
Jelly,0.3455247333820873,0.3894390971786681,Gaming,Jelly,0.8860890864623165,United Kingdom,Games,13.0,0.16702096370304712,0.31643096138002413,0.2009739119280225,60.0,-1.003205685454774,3.85,1,0,-0.30403503743036525,0.6131916016662172,-0.1522394781244846,0.3325233005941497,0.5987927827115396,-0.28884217662941436
Miss Katy,0.3455247333820873,0.38708139774942707,People & Blogs,Miss Katy,0.2235988746201766,United Kingdom,Entertainment,13.0,0.2508327394179538,0.39257732134001777,0.2009739119280225,60.0,-1.003205685454774,3.85,1,0,-0.30403503743036525,0.60748724713714,0.2754383250805563,0.40140393439701677,0.5987927827115396,-0.28884217662941436
Tilak,0.3360361356773469,0.19609910081439286,Film & Animation,Tilak,0.9219492587034387,India,Film,56.0,0.6760285609538664,0.78351145088913,0.8205201172558382,28.1,1.428108284192824,5.36,0,0,-1.6376788092593741,0.150079327512225,-0.2840388459010112,0.734744647320876,-1.9332780935697111,1.230498123947393
Valentina Pontes ofc,0.3360361356773469,0.11907685540009129,Film & Animation,Valentina Pontes ofc,0.30351686271766753,Brazil,Entertainment,14.0,0.07641760972894493,0.23396007472785704,0.2009739119280225,51.3,-0.0710351183317133,12.08,1,0,-0.30403503743036525,-0.03606641146097397,0.07314719531389989,0.2669221465018542,0.7303521859778146,-0.28696996866722024
Sesame Street,0.32650690145765665,0.5713991991994642,Entertainment,Sesame Street,0.6955180311032853,United States,Entertainment,83.0,0.4224032131488145,0.5485418746123782,-0.08453979833044896,88.2,0.27904907064799506,14.7,0,0,1.4741566583416468,1.0625481749127788,0.07333090846269404,0.5357910303307777,0.5373702730784362,-0.5064696876595083
Happy Lives,0.3169366811600019,-6.35633068860575,Science & Technology,Happy Lives,-2.1337846467280697,United States,Entertainment,84.0,1.351146956246293,-2.2398305342958547,-0.08453979833044896,88.2,0.27904907064799506,14.7,0,0,-0.7485829613733682,-6.16700594618393,-1.81721703593194,-2.338923974921691,0.5373702730784362,-0.5055134005879645
Lady Gaga,0.3169366811600019,0.417165688802926,People & Blogs,Lady Gaga,-0.45381964300912947,United States,Music,83.0,0.4556668011007988,0.5788105360450171,-0.08453979833044896,88.2,0.27904907064799506,14.7,0,0,1.0296087343986438,0.6937742595899107,0.731985760364109,0.5616112009594553,0.5373702730784362,-0.5055134005879645
Akshay Nagwadiya,0.3169366811600019,0.121252105616689,Entertainment,Akshay Nagwadiya,0.012091538432064708,Unknown,Entertainment,-1.0,0.6446192364423398,0.7530886115224619,0.8205201172558382,68.0,0.27904907064799506,9.02,0,1,-0.9708569233448697,-0.021807152611388197,0.2632198076792868,0.7100351392471718,0.5373702730784362,1.2470712735476892
Wave Music Bhojpuri,0.30732512069135715,0.33010585981208435,Music,Wave Music Bhojpuri,1.3810811587264162,India,Music,59.0,0.22184718207451296,0.3662294003117888,-0.08453979833044896,28.1,1.428108284192824,5.36,0,0,-0.30403503743036525,0.48768026235358936,-0.5059841867334427,0.3736556459827346,-1.9332780935697111,-0.504548851818681
GMM GRAMMY OFFICIAL,0.30732512069135715,0.6276422440190655,Music,GMM GRAMMY OFFICIAL,1.2384883133302877,Thailand,Music,4.0,0.433520130760079,0.5586555070014814,0.2009739119280225,49.3,-0.9702421860018955,0.75,1,0,0.5850608104556407,1.207770881259007,-0.24657971658026384,0.5448313831724819,-1.0981786604416175,-0.2812565046563873
TED,0.30732512069135715,-0.37307514666266844,People & Blogs,TED,0.7690002837799561,United States,Tech,85.0,-0.10099690931693782,0.07281756159818162,-0.08453979833044896,88.2,0.27904907064799506,14.7,0,0,1.4741566583416468,-1.208750698247641,-0.5046839763599599,0.120578461110585,0.5373702730784362,-0.504548851818681
unknown boy varun,0.30732512069135715,0.18839590154747407,Music,unknown boy varun,-0.0879336825128702,India,Music,58.0,0.6317799027670086,0.7360717570357304,0.7170007726980412,28.1,1.428108284192824,5.36,0,0,-0.7485829613733682,0.14499848709115595,0.36579725771319077,0.7001869894893114,-1.9332780935697111,0.8210224971818406
Kids TV - Nursery Rhymes And Baby Songs,0.30732512069135715,0.33886211329559074,Shows,Kids TV - Nursery Rhymes And Baby Songs,0.7080745795468312,United States,Music,85.0,0.4302926303708859,0.5557378264950488,0.7170007726980412,88.2,0.27904907064799506,14.7,0,0,-0.08176107545886376,0.5088618508072397,-0.06539742251223121,0.541846617779303,0.5373702730784362,0.8210224971818406
Tsuriki Show,0.29767186135009416,0.7179388192487496,Entertainment,Tsuriki Show,0.6088335194355038,Germany,Comedy,1.0,0.8450349902662883,0.9308726387630515,0.7720039068700575,70.2,-0.8273898965682721,3.04,0,0,-1.4154048472878726,1.4309702451325181,0.21175663097362585,0.8684638849144626,0.27566805919181475,1.046252311108631
Technical Guruji,0.29767186135009416,-0.251194047120909,Science & Technology,Technical Guruji,0.8163835611224585,India,Tech,60.0,0.02041976008729864,0.18301460059069918,0.2009739119280225,28.1,1.428108284192824,5.36,1,0,-0.5263089994018667,-0.9111747716134677,-0.46690869123162915,0.22230251874707765,-1.9332780935697111,-0.27931903789189094
DrossRotzank,0.29767186135009416,0.0011544605748237348,Entertainment,DrossRotzank,0.3838162238758393,Argentina,Entertainment,5.0,0.12980759867679909,0.28263643470107336,-0.08453979833044896,90.0,-1.3229934936160224,9.79,0,0,1.4741566583416468,-0.3027953865917972,-0.04509245863146176,0.3024247385264298,1.028132831912405,-0.5035759338234683
White Hill Music,0.29767186135009416,0.25892655567568096,Entertainment,White Hill Music,0.863839580456422,India,Music,60.0,0.3552332315069002,0.48748141649890436,-0.08453979833044896,28.1,1.428108284192824,5.36,0,0,-0.30403503743036525,0.32007980717093454,-0.2111347604806425,0.4825819049590887,-1.9332780935697111,-0.5035759338234683
Ultra Movie Parlour,0.2879765397456586,-0.05399733156302529,Movies,Ultra Movie Parlour,0.4004058367319251,India,Film,61.0,0.4121227428771395,-2.2398305342958547,0.3679892441104192,28.1,1.428108284192824,5.36,0,0,0.3627868484841392,-0.4313412230706606,-0.08681159253375363,-2.338923974921691,-1.9332780935697111,-0.053107827341624725
Alan Becker,0.2879765397456586,-0.049162517828177696,Film & Animation,Alan Becker,-2.3948665529838955,United States,Games,7700.0,0.26768662202931587,-2.2398305342958547,-4.541342433853443,88.2,0.27904907064799506,14.7,0,0,1.4741566583416468,-0.4196748760804527,-3.737549627379587,-2.338923974921691,0.5373702730784362,-0.7288034807026798
toyorbabytv,0.2879765397456586,0.43197610764249494,Music,toyorbabytv,0.26292351774821016,Jordan,Music,2.0,0.4945353121078274,0.6141286129340019,0.3679892441104192,34.4,-2.525543324008894,14.72,0,0,0.14051288651263774,0.7432849910996157,0.2751755936071289,0.5911934837672864,0.9875619931592705,-0.053107827341624725
BabyBus - Canciones Infantiles & Videos para Niï¿½ï,0.2879765397456586,0.34066055493612046,Education,BabyBus - Canciones Infantiles & Videos paraï¿½,0.29167118298164457,Mexico,Education,12.0,0.4450607296452838,0.5691660909056946,0.2009739119280225,40.2,-0.4922656323482104,3.42,0,0,-1.1931308853163711,0.5223440434993658,0.20526756571944438,0.5533995703883626,0.48494866610172105,-0.2773647232732019
KL BRO Biju Rithvik,0.27823878771643695,0.47480465836095487,Entertainment,KL BRO Biju Rithvik,0.4371038561998866,Unknown,Entertainment,-1.0,1.0761536786715529,1.1420352961229239,1.3430350603105878,68.0,0.27904907064799506,9.02,0,1,-1.6376788092593741,0.851531354894293,0.18640994685551213,1.0515608976159307,0.5373702730784362,6.089554109867659
Vania Mania Kids,0.2684582322459467,0.22490536845361278,People & Blogs,Vania Mania Kids,0.2017088823779005,United States,Education,87.0,0.47455928902128613,0.595990078501624,0.3679892441104192,88.2,0.27904907064799506,14.7,0,0,-0.5263089994018667,0.25159597679752627,0.19853883103847864,0.5770654806611482,0.5373702730784362,-0.04719345317128825
Like Nastya PRT,0.2684582322459467,0.2831623679670015,Entertainment,Like Nastya PRT,0.04764634496322224,Unknown,Entertainment,-1.0,0.36368679990714087,0.4952110239288163,-0.08453979833044896,68.0,0.27904907064799506,9.02,0,1,-1.4154048472878726,0.39247524569095676,0.3311023115179984,0.48647154310833185,0.5373702730784362,-0.5006058608410491
Sun TV,0.2586344953770275,0.5388289159168187,People & Blogs,Sun TV,1.7552114356638817,India,Entertainment,63.0,0.9060360082305163,0.9866505716596794,0.6535043273957786,28.1,1.428108284192824,5.36,0,0,-0.7485829613733682,1.0157580859835078,-0.6309291470795779,0.9169882874719444,-1.9332780935697111,0.6315006518816773
Heroindori,0.2586344953770275,0.1848412979130392,Comedy,Heroindori,-0.05708791127921007,India,Entertainment,62.0,0.6954472078166135,0.7972321610625426,1.002516248279318,28.1,1.428108284192824,5.36,0,0,-1.6376788092593741,0.15936882545131617,0.3437933830294515,0.7508374447025982,-1.9332780935697111,2.3915129518518814
The Chainsmokers,0.2586344953770275,0.373123360459735,Music,The Chainsmokers,-0.43679249215929905,United States,Music,88.0,0.3243634897334636,0.459410646686795,-0.08453979833044896,88.2,0.27904907064799506,14.7,0,0,0.14051288651263774,0.614730518074362,0.6961666990297648,0.45597539205528653,0.5373702730784362,-0.4995983525556601
mmoshaya,0.2586344953770275,0.4630319148567564,People & Blogs,mmoshaya,0.2725409314050456,Saudi Arabia,Entertainment,1.0,0.30078744903700144,0.4379927242355407,-0.08453979833044896,68.0,-1.5413900068076587,5.93,0,0,0.5850608104556407,0.8322953056045606,0.28638697297801347,0.4358694111126455,0.6200564387211577,-0.4995983525556601
Sia,0.2586344953770275,0.34716516458056323,Music,Sia,-0.45600319446582105,United States,Music,88.0,0.3603714155792218,0.4921639817564291,0.2009739119280225,88.2,0.27904907064799506,14.7,1,0,1.2518826963701453,0.5519283757055733,0.6940932763944211,0.4866431033121072,0.5373702730784362,-0.2713984656464509
LeoNata Family,0.2586344953770275,0.6524598042465684,People & Blogs,LeoNata Family,0.5243299923751926,United States,People,87.0,0.9477421959770888,1.0263182434285885,0.971990294161869,88.2,0.27904907064799506,14.7,0,0,-1.8599527712308757,1.2908592487647501,0.2296995036693143,0.9498699719640945,0.5373702730784362,2.1747469138341784
Goldmines Cineplex,0.24876719412424503,-0.39398295375613385,Film & Animation,Goldmines Cineplex,0.6655234412886516,India,Film,64.0,0.20367676928992584,0.3497668431426531,0.2009739119280225,28.1,1.428108284192824,5.36,0,0,-0.5263089994018667,-1.2315237125015654,-0.44943181245617225,0.3581620638287095,-1.9332780935697111,-0.26937451326000195
Vlad and Niki Arabic,0.24876719412424503,0.24578336882386737,Entertainment,Vlad and Niki Arabic,-0.034252945959020904,United States,Entertainment,89.0,0.2712393773959232,0.41117218118845505,-0.08453979833044896,88.2,0.27904907064799506,14.7,0,0,-1.1931308853163711,0.311369014389759,0.3632106779575588,0.4134864380212924,0.5373702730784362,-0.49858190845460004
SSundee,0.24876719412424503,0.36084928399081206,Gaming,SSundee,0.6585459434568768,United States,Games,90.0,0.5027421456217407,0.621604101318375,0.2009739119280225,88.2,0.27904907064799506,14.7,0,0,0.8073347724271422,0.5896918053878654,-0.020981512212055624,0.5979357905551471,0.5373702730784362,-0.26937451326000195
Paulo Londra,0.23885594038428756,0.12522875835657205,Music,Paulo Londra,-0.8590148918339233,Argentina,Music,6.0,0.29570567053872704,0.4334080565262775,0.2009739119280225,90.0,-1.3229934936160224,9.79,1,0,-0.7485829613733682,0.02461194045208494,0.8330508492944269,0.43613999611153065,1.028132831912405,-0.2673325698318626
Smile Family,0.22890034084436997,0.15766608096315907,People & Blogs,SMILE Family,-1.0557035651942717,France,Music,3046.0,-2.3923504643070594,-1.9451080168165114,-3.839135921978038,65.6,-1.000492116215705,8.43,0,0,-1.4154048472878726,0.10770202170201384,0.9814783327542391,-1.6867218069423668,0.44727013810658445,-0.7287824673112261
FGTeeV,0.22890034084436997,0.6010402005609745,Gaming,FGTeeV,0.41238548300638,United States,Games,91.0,0.43686660837038366,0.5616946841553464,-0.08453979833044896,88.2,0.27904907064799506,14.7,0,0,-0.08176107545886376,1.180408047045199,0.2733154173415271,0.544656030130383,0.5373702730784362,-0.4965217330269587
Kinder Spielzeug Kanal (Kidibli),0.21889999688856693,0.2666467025473775,Entertainment,Kinder Spielzeug Kanal (Kidibli),0.20701940539003102,United States,Entertainment,92.0,0.4493154007788002,0.5730154984835628,0.2009739119280225,88.2,0.27904907064799506,14.7,0,0,-0.5263089994018667,0.3759152258407032,0.21854102298381073,0.5561431429976169,0.5373702730784362,-0.2631937416970094
Charlie Puth,0.19876345417321312,0.21665167164741714,Music,Charlie Puth,-0.48798155237521756,United States,Music,94.0,0.3972015595340659,0.525652146189248,-0.08453979833044896,88.2,0.27904907064799506,14.7,0,0,0.8073347724271422,0.26451580677702197,0.6416185271356806,0.5163352256079946,0.5373702730784362,-0.4933613955353199
Vlad and Niki ESP,0.19876345417321312,0.15417535146410327,Entertainment,Vlad and Niki ESP,-0.042198163433541186,United States,Entertainment,93.0,0.5141805720603417,0.6319998721681236,0.2009739119280225,88.2,0.27904907064799506,14.7,0,0,-1.1931308853163711,0.11347603215845109,0.3169138629183097,0.6065108631825733,0.5373702730784362,-0.2589800011255605
Sagawa /ï¿½ï¿½ï¿½,0.19876345417321312,0.48339751152347915,Entertainment,Sagawa /ï¿½ï¿½ï¿½,0.8987860602872104,Japan,Entertainment,3.0,0.8305450950402811,0.9162049416809279,0.7720039068700575,63.2,-0.49090786718951257,2.29,0,0,-1.8599527712308757,0.9098566077693637,-0.10768974644041554,0.8572513306941285,1.014482286745622,1.1255124649498915
Ben Azelart,0.18862643079334598,-0.13107418127166806,Film & Animation,Ben Azelart,-0.2439681391338762,United States,Entertainment,94.0,0.5155438502447395,0.6332391726295559,0.5784039938330275,88.2,0.27904907064799506,14.7,0,0,-0.30403503743036525,-0.5705118916174721,0.28764545902199384,0.608668732486311,0.5373702730784362,0.4431490002625741
Zach Choi ASMR,0.18862643079334598,-0.007771358231066621,People & Blogs,Zach Choi ASMR,0.18650785287448732,United States,People,94.0,0.5707828389906046,0.6834539007526852,0.4864886519553722,88.2,0.27904907064799506,14.7,0,0,-0.30403503743036525,-0.2729833921381203,0.0777110340545921,0.6511022109809684,0.5373702730784362,0.21086498553927452
Topper Guild,0.18862643079334598,0.41163004445636964,Comedy,Topper Guild,0.1308900058689484,United States,Comedy,91.0,0.8224407834574938,0.9084732794546383,1.1283065934363532,88.2,0.27904907064799506,14.7,0,0,-0.30403503743036525,0.7409535955009302,0.34929813809397114,0.8507818141445604,0.5373702730784362,3.590499926813427
Disney Latinoamï¿½ï¿½,0.18862643079334598,0.5348656088508159,Entertainment,disneylatinoamerica,-0.6011386353222897,Mexico,Music,2973.0,-1.9577607014128338,-1.6029457700509022,0.2009739119280225,40.2,-0.4922656323482104,3.42,1,0,1.0296087343986438,1.0392266563778845,0.8941232893477336,-1.3464839887398348,0.48494866610172105,-0.25684440020043425
Stokes Twins,0.17844301355433062,-0.12963500626822852,People & Blogs,Stokes Twins,-0.30328006968936677,United States,People,95.0,0.5314383097626867,0.6476806701257323,0.6535043273957786,88.2,0.27904907064799506,14.7,0,0,1.0296087343986438,-0.5622503021470661,0.3269826299898537,0.6206997453057135,0.5373702730784362,0.6807484570122473
National Geographic,0.17844301355433062,-0.030638620371633268,Science & Technology,National Geographic,1.0804048080359787,United States,Entertainment,95.0,0.18918821844434372,0.33649635112724524,-0.08453979833044896,88.2,0.27904907064799506,14.7,0,0,1.4741566583416468,-0.3233924371864989,-0.513956003947377,0.35015992480889585,0.5373702730784362,-0.4912062910005852
Dua Lipa,0.17844301355433062,0.27253526441155335,Music,Dua Lipa,-0.47165310719396414,United Kingdom,Music,14.0,0.4295614045079581,0.5550747555706932,-0.08453979833044896,60.0,-1.003205685454774,3.85,0,0,0.3627868484841392,0.40924672807738754,0.6623694162738099,0.5386770421854049,0.5987927827115396,-0.4912062910005852
OneDirectionVEVO,0.17844301355433062,0.304117206111366,Music,OneDirectionVEVO,-0.290364693390331,United Kingdom,Music,14.0,0.21489025453618438,0.35987971221925547,0.2009739119280225,60.0,-1.003205685454774,3.85,1,0,0.5850608104556407,0.48563746788384216,0.5621971726370681,0.374018556976925,0.5987927827115396,-0.25468929566569953
Rotana,0.17844301355433062,0.5060166021863913,Music,rotana5018,-0.5444582438729272,Unknown,Music,-1.0,-1.7691760454540792,-1.4402093297882383,-2.9258338266420094,68.0,0.27904907064799506,9.02,0,1,0.3627868484841392,0.9742019754934745,0.8409400972151512,-1.1986268150146346,0.5373702730784362,-0.7285676043025041
Netflix India,0.17844301355433062,0.11100889733709873,People & Blogs,NETFLIX INDIA,-2.1337846467280697,Unknown,People,-1.0,-2.529746644889725,-2.2398305342958547,0.2009739119280225,68.0,0.27904907064799506,9.02,1,1,-0.9708569233448697,0.018730886871360646,1.8150048125924174,-2.338923974921691,0.5373702730784362,-0.25468929566569953
Sourav Joshi Vlogs,0.16821277584375136,0.19270278475051605,People & Blogs,Sourav Joshi Vlogs,0.3313263543834778,Unknown,People,-1.0,0.5999516123865722,0.7175733843469979,0.4864886519553722,68.0,0.27904907064799506,9.02,0,1,-1.4154048472878726,0.22102212393047216,0.09648374193311711,0.6743609182938375,0.5373702730784362,0.21944692843424404
ZAMZAM ELECTRONICS TRADING,0.16821277584375136,0.14977793753588695,Entertainment,ZAMZAM ELECTRONICS TRADING,1.2302134929296404,United Arab Emirates,People,4.0,1.019849646338563,1.0919545788869134,1.3680070731875063,36.8,-2.5523985512383427,2.35,0,0,-1.6376788092593741,0.117253658581243,-0.5096037603590989,1.006976228111658,0.7603035088114829,6.827769344175765
DUDU e CAROL,0.1579352851376405,0.20211212633161826,Autos & Vehicles,DUDU e CAROL,0.6135990055165012,Brazil,Entertainment,15.0,0.5257231737652344,0.6424894830552026,0.3679892441104192,51.3,-0.0710351183317133,12.08,0,0,-0.08176107545886376,0.2486199425902893,-0.08103026535399753,0.616804714050211,0.7303521859778146,-0.012720040446880675
Village Cooking Channel,0.1579352851376405,-0.011819725424114894,Howto & Style,Village Cooking Channel,-0.3632943257145928,India,Howto,66.0,0.5274479809861597,0.6440519984680136,0.4864886519553722,28.1,1.428108284192824,5.36,0,0,-1.1931308853163711,-0.2683011405862497,0.43215990026204565,0.6167134941397546,-1.9332780935697111,0.22379695488800488
Eva Bravo Play,0.1579352851376405,0.19058492818937697,Entertainment,Eva Bravo Play,-0.34819228445965644,United States,Entertainment,96.0,0.26708006658142436,0.40738159994735745,0.2009739119280225,88.2,0.27904907064799506,14.7,1,0,-1.4154048472878726,0.22074946080685448,0.536016663030177,0.41370279156686374,0.5373702730784362,-0.2503194971965538
Tekashi 6ix9ine,0.14761010289080342,-0.009839818773012111,People & Blogs,Tekashi 6ix9ine,-0.9065848848751981,United States,Music,96.0,0.4014457004867399,0.5295253803039148,0.2009739119280225,88.2,0.27904907064799506,14.7,0,0,-1.1931308853163711,-0.25865707567718216,0.7885499624836444,0.5161123694793955,0.5373702730784362,-0.2481042514928175
Tlnovelas,0.14761010289080342,0.396318999048219,News & Politics,tlnovelas,-0.4856051307925208,Mexico,Entertainment,2063.0,-1.6802982875486143,-1.3590110409295393,0.2009739119280225,40.2,-0.4922656323482104,3.42,1,0,-0.30403503743036525,0.7232667126297426,0.7409763029450976,-1.1280926919636933,0.48494866610172105,-0.2481042514928175
SMOL,0.14761010289080342,0.5634888401726962,People & Blogs,Claudio,-1.6619169783964216,Unknown,Music,-1.0,-3.611914731749042,-2.2377151202531764,0.2009739119280225,68.0,0.27904907064799506,9.02,1,1,1.4741566583416468,1.1278911535767242,1.6322962091592441,-2.3163197617473354,0.5373702730784362,-0.2481042514928175
invictor,0.14761010289080342,0.1447394640182636,Gaming,INVICTOR,-1.3061745846635104,Chile,People,2889.0,-3.0212481258644623,-2.201069453160345,-4.163911116216208,88.5,-2.0186049929846877,7.09,0,0,-0.7485829613733682,0.11479056717218925,1.1432084150173096,-2.145221795616001,0.8042726785430404,-0.7287960890738205
YOLO,0.13723678442447232,-0.5829654625491277,Comedy,YOLO,-2.3948665529838955,Germany,Entertainment,3810.0,0.26768662202931587,-2.2398305342958547,-4.088810645349647,70.2,-0.8273898965682721,3.04,0,0,-0.08176107545886376,-1.6322357561033232,-3.737549627379587,-2.338923974921691,0.27566805919181475,-0.7287936179874973
Sidhu Moose Wala,0.13723678442447232,0.01688942386191973,Music,Sidhu Moose Wala,-0.6076329612280496,India,Music,67.0,0.4826662266868488,0.6033594556289706,0.5784039938330275,28.1,1.428108284192824,5.36,0,0,-0.9708569233448697,-0.18922465213562364,0.6074548618378341,0.5818282612400187,-1.9332780935697111,0.4702173088948237
The Royalty Family,0.12681487881143783,0.01728308206527367,People & Blogs,The Royalty Family,0.09053822677047456,United States,People,98.0,0.4819914279046254,0.6027301269005746,0.2009739119280225,88.2,0.27904907064799506,14.7,0,0,-0.9708569233448697,-0.18336344270471638,0.15397511201906436,0.5818641311698076,0.5373702730784362,-0.24361164904689805
Becky G,0.12681487881143783,0.24705577946631857,Music,Becky G,-0.7490634586310432,United States,Music,98.0,0.37904543020506287,0.5091550516824488,-0.08453979833044896,88.2,0.27904907064799506,14.7,0,0,0.3627868484841392,0.37198363889418135,0.8292420805647778,0.5021100075496558,0.5373702730784362,-0.4856418807998611
Ishaan Ali 11,0.12681487881143783,0.32577381764151203,People & Blogs,Ishaan Ali 11,0.18849133071454643,India,People,68.0,0.8364395352324802,0.9236652609153718,1.0575194192291342,28.1,1.428108284192824,5.36,0,0,-0.7485829613733682,0.5623938700684824,0.26375324334212596,0.8618182417785144,-1.9332780935697111,3.0314175809997512
Infinite,0.12681487881143783,-0.06882377748566508,Entertainment,Infinite,0.38616449564287475,United States,Entertainment,98.0,0.28275450312759376,0.4216109087628334,0.2009739119280225,88.2,0.27904907064799506,14.7,0,0,-0.30403503743036525,-0.391246464297975,-0.08591490890933479,0.4252106417654886,0.5373702730784362,-0.24361164904689805
Azhan5star,0.12681487881143783,0.2219954309573159,Entertainment,Azhan5star,0.056174895836652916,India,Entertainment,67.0,0.5728415488889611,0.6853290058254448,0.6535043273957786,28.1,1.428108284192824,5.36,0,0,-1.8599527712308757,0.31137932983955696,0.29122080665892447,0.6527475202836472,-1.9332780935697111,0.7133811758452211
Dangal TV Channel,0.12681487881143783,0.3303141596384022,Entertainment,Dangal TV Channel,1.3396290385425556,India,Entertainment,67.0,0.7750564464642229,0.864934546451573,0.7170007726980412,28.1,1.428108284192824,5.36,0,0,-0.9708569233448697,0.5733783149634817,-0.47903535223702165,0.8130681526250899,-1.9332780935697111,0.949898171180107
Khan GS Research Centre,0.11634392875840606,-0.4631497535300432,Education,KHAN GS RESEARCH CENTRE,-2.1337846467280697,Unknown,People,-1.0,0.26768662202931587,-2.2398305342958547,0.2009739119280225,68.0,0.27904907064799506,9.02,1,1,-0.9708569233448697,-1.3355181729219292,1.4925427602313819,-2.338923974921691,0.5373702730784362,-0.24133370908549465
GMA Public  Affairs,0.11634392875840606,0.2754690648672832,Entertainment,GMA Public  Affairs,1.512311211532579,Philippines,News,4.0,0.45427094133410356,0.5775446308185846,0.2009739119280225,35.5,-0.6156814037179327,2.15,0,0,0.8073347724271422,0.44564607079658325,-0.6216135447156457,0.5588030850924317,-1.2805927858517596,-0.24133370908549465
Tasty,0.10582347048561283,-0.017769833779057054,Howto & Style,Tasty,0.7922436731494791,United States,Howto,99.0,0.044637730969821356,0.2052225461497505,0.2009739119280225,88.2,0.27904907064799506,14.7,1,0,-0.7485829613733682,-0.25812028411634164,-0.32018371921853567,0.23819380921455738,0.5373702730784362,-0.23903427864853205
Baim Paula,0.10582347048561283,-0.12417634863028265,People & Blogs,Baim Paula,0.5249782912812293,Indonesia,Entertainment,8.0,0.06531904342808131,0.2239537368978637,-0.08453979833044896,36.3,0.12229127653497812,4.69,0,0,-0.7485829613733682,-0.514915255751088,-0.2068987458785835,0.2529029411602157,-0.8211663914313476,-0.4833424503628985
nigahiga,0.0952530336035522,-0.13838045222599732,Entertainment,nigahiga,-0.13436419430097882,United States,Entertainment,100.0,-0.49319184561843493,-0.28385171372015816,0.2009739119280225,88.2,0.27904907064799506,14.7,1,0,1.4741566583416468,-0.5442004028162507,0.21239452536407766,-0.18946823342137345,0.5373702730784362,-0.23671305217513844
Rafa & Luiz,0.0952530336035522,0.11000191723350965,Entertainment,Rafa & Luiz,0.6059711379328069,Brazil,Entertainment,16.0,0.41126322385113473,0.5384173420930813,0.4864886519553722,51.3,-0.0710351183317133,12.08,0,0,-0.5263089994018667,0.055519529280474496,-0.1278227068882003,0.5262617534458361,0.7303521859778146,0.2507589864896253
Lyrical Lemonade,0.0952530336035522,0.24651635756091536,Entertainment,Lyrical Lemonade,-0.11883897432825408,United States,Entertainment,100.0,0.3197417282893536,0.45520327721698484,-0.08453979833044896,88.2,0.27904907064799506,14.7,0,0,-0.08176107545886376,0.38557109365699027,0.41848891003592265,0.45109422961340795,0.5373702730784362,-0.48217634956249833
Vlad and Niki IDN,0.0952530336035522,0.2106760097406109,Entertainment,Vlad and Niki IDN,-0.054816578337719385,United States,Entertainment,100.0,0.43907245111391857,0.5636969306065102,0.3679892441104192,88.2,0.27904907064799506,14.7,0,0,-1.1931308853163711,0.2988970709194891,0.35682968887748545,0.5476454825948478,0.5373702730784362,0.007595119539227913
Dr. Vivek Bindra: Motivational Speaker,0.08463214098678035,-0.5510294995471463,Education,Dr. Vivek Bindra: Motivational Speaker,0.16607651219912634,India,Education,69.0,0.07890948505008882,0.23638976389586497,-0.08453979833044896,28.1,1.428108284192824,5.36,0,0,-0.08176107545886376,-1.5312833630302083,-0.21415749718516197,0.2667955307969423,-1.9332780935697111,-0.48099911647177707
Fatos Desconhecidos,0.08463214098678035,-0.19691222562385885,Entertainment,Fatos Desconhecidos,0.8980650616850131,Brazil,Entertainment,17.0,0.2202971375871842,0.3648120860969155,-0.08453979833044896,51.3,-0.0710351183317133,12.08,0,0,-0.08176107545886376,-0.6803232022920512,-0.4893018703452074,0.3737346002756536,0.7303521859778146,-0.48099911647177707
Brave Wilderness,0.08463214098678035,-0.08727353804866897,Pets & Animals,Brave Wilderness,0.20056110625941503,United States,Animals,100.0,-0.4491573253817076,-2.2398305342958547,-0.08453979833044896,88.2,0.27904907064799506,14.7,0,0,-0.30403503743036525,-0.4159097338279399,0.02395494300268309,-2.338923974921691,0.5373702730784362,-0.48099911647177707
LIV Crime,0.08463214098678035,0.26358701089262354,People & Blogs,LIV Crime,1.0686602360930553,United States,People,100.0,0.6862141157545805,0.78351145088913,0.6535043273957786,88.2,0.27904907064799506,14.7,0,0,-1.6376788092593741,0.4318705112786809,-0.34110900830517565,0.7424291560315756,0.5373702730784362,0.7405958495210694
Minecraft - Topic,0.08463214098678035,-9.775571997308072,Entertainment,Minecraft - Topic,-2.3948665529838955,Unknown,Games,-1.0,0.26768662202931587,-2.2398305342958547,0.3679892441104192,68.0,0.27904907064799506,9.02,0,1,-0.08176107545886376,-6.167125373049025,-3.737549627379587,-2.338923974921691,0.5373702730784362,0.01109357910334277
Romeo Santos,0.08463214098678035,0.45849338155180064,Music,RomeoSantos,-1.6619169783964216,United States,Music,5417.0,-2.8591488071421454,-2.1682974260180425,0.2009739119280225,88.2,0.27904907064799506,14.7,1,0,1.4741566583416468,0.9034721616580449,1.5733280981403308,-2.0170238729321994,0.5373702730784362,-0.23436971828401712
Canal Canalha,0.07396030864469182,-0.5077614529338721,Comedy,Canal Canalha,-0.2605413722969124,Brazil,Comedy,18.0,0.0369938159711886,0.19822289596268158,0.2009739119280225,51.3,-0.0710351183317133,12.08,1,0,0.3627868484841392,-1.4226590019438525,0.08685212288880939,0.22142329651735654,0.7303521859778146,-0.23200395963419504
Kurzgesagt ï¿½ï¿½ï¿½ï¿½ï¿½ï¿,0.07396030864469182,-0.4034975340228283,Education,Kurzgesagt ï¿½ï¿½ï¿½ï¿½ï¿½ï¿,-0.41066682076755096,Germany,Education,2.0,0.08441498759199835,0.2413490203448813,-0.08453979833044896,70.2,-0.8273898965682721,3.04,0,0,-0.08176107545886376,-1.1724675529818862,0.24299567533827657,0.2665138518413857,0.27566805919181475,-0.47981059091267625
Yoeslan,0.06323704558915734,0.47419741119339065,Entertainment,Yoeslan,0.026961689411288767,United States,Entertainment,101.0,0.878944995297734,0.9636446557816732,0.8639193517254113,88.2,0.27904907064799506,14.7,0,0,-1.6376788092593741,0.9515863254281517,0.4518019924710192,0.8957265676464737,0.5373702730784362,1.7204876407470129
5-Minute Crafts DIY,0.06323704558915734,-0.07308410279628558,Howto & Style,5-Minute Crafts DIY,0.8179491038017316,United States,Howto,103.0,-0.0044977977530189376,0.16034992139463936,0.2009739119280225,88.2,0.27904907064799506,14.7,1,0,-1.1931308853163711,-0.371593211313349,-0.36789127958935286,0.19689869529414175,0.5373702730784362,-0.22961545278175585
Zach King,0.06323704558915734,-0.0467413419447425,Entertainment,Zach King,-1.6619169783964216,Unknown,Entertainment,-1.0,-2.805101047059441,-2.153629723874079,-3.839135921978038,68.0,0.27904907064799506,9.02,0,1,-0.08176107545886376,-0.30800719761716683,1.2895754706605698,-1.989349877388783,0.5373702730784362,-0.728780667857436
tuzelity SHUFFLE,0.06323704558915734,0.15742106814157733,People & Blogs,tuzelity SHUFFLE,0.16312559503536475,Russia,People,3.0,0.7713785925993651,0.864934546451573,1.0575194192291342,81.9,-0.3826849838307849,4.59,0,0,-0.5263089994018667,0.1852373992164384,0.18563837064958036,0.8101088814943371,0.13207419293207687,3.1364497026712237
NBA,0.06323704558915734,0.3211098194616816,Sports,NBA,1.6645787859335763,United States,Sports,103.0,0.29822673945886774,0.4356763607462135,0.2009739119280225,88.2,0.27904907064799506,14.7,1,0,1.6964306203131483,0.581118573921584,-0.6945407839036175,0.4360047530957555,0.5373702730784362,-0.22961545278175585
Deddy Corbuzier,0.05246185369901558,-0.08479550269048453,Entertainment,deddycorbuzier,-1.3505389279605933,Indonesia,Entertainment,4044.0,-2.8944202305272295,-2.177609747833772,-4.541342433853443,36.3,0.12229127653497812,4.69,0,0,1.2518826963701453,-0.39478405753807794,1.044810663097443,-2.0511341172823054,-0.8211663914313476,-0.7288032275857232
Bizarrap,0.05246185369901558,0.10404869024740405,Comedy,Bizarrap,-0.7259481348524909,Argentina,Entertainment,8.0,0.5257255949882912,0.6424894830552026,0.2009739119280225,90.0,-1.3229934936160224,9.79,0,0,-0.9708569233448697,0.06130797139040057,0.7337778826971523,0.616804714050211,1.028132831912405,-0.227203868032418
Avicii,0.05246185369901558,0.23245916614031684,Music,Avicii,-0.4903730624499718,Sweden,Music,1.0,0.32314606495677356,0.45830116021550593,0.2009739119280225,67.0,-2.5110190453841486,6.48,1,0,0.8073347724271422,0.37176413639603423,0.6520542559533116,0.4560411630115499,0.807619104702186,-0.227203868032418
Mnet K-POP,0.04163422758119723,0.39705561113323407,Entertainment,Mnet K-POP,1.5266355487943535,South Korea,Entertainment,7.0,0.47951610703453323,0.6004959285344441,-0.08453979833044896,94.3,-1.2099295806788581,4.15,0,0,1.4741566583416468,0.7750821175805298,-0.5625995772870245,0.5794167770277934,0.4843914540842102,-0.4761756108767402
LazarBeam,0.04163422758119723,0.16288887561388715,Gaming,LazarBeam,0.3127322843686173,Australia,Games,3.0,0.05745479939385665,0.21673963030304574,0.2009739119280225,113.1,-1.7711271269463045,5.27,1,0,-0.5263089994018667,0.20864556134618875,0.0917837205041337,0.2533121067665374,0.6568344723792388,-0.2247688692898204
Ninja Kidz TV,0.04163422758119723,0.26166306522452554,Entertainment,Ninja Kidz TV,-0.2502564583315544,United States,Entertainment,104.0,0.528166706815141,0.6447064794913201,-0.08453979833044896,88.2,0.27904907064799506,14.7,0,0,-0.9708569233448697,0.44750719481962453,0.5123005069323042,0.6187855655708316,0.5373702730784362,-0.4761756108767402
Totoy kids - Portuguï¿½,0.030753654428481634,-0.5253750292512539,Film & Animation,Totoy kids - Portuguï¿½,-0.38623631236564016,Brazil,Film,19.0,0.15448996442361235,0.30503565237858143,-0.08453979833044896,51.3,-0.0710351183317133,12.08,0,0,-0.30403503743036525,-1.4446678976926963,0.15865378353842766,0.32306254109718036,0.7303521859778146,-0.4749402507728846
Jake Paul,0.030753654428481634,0.08398525424174101,People & Blogs,Jake Paul,0.20964685102161992,United States,People,105.0,-0.07750062486930068,0.09417104849788686,-0.08453979833044896,88.2,0.27904907064799506,14.7,0,0,-0.08176107545886376,0.023055831318766234,0.11425137682612274,0.13915982259896043,0.5373702730784362,-0.4749402507728846
Linkin Park,0.030753654428481634,0.3468785359840896,Music,linkinpark,-2.3948665529838955,Afghanistan,Games,1385.0,0.26768662202931587,-2.2398305342958547,-3.7703243089192253,9.7,-1.4572314886840712,11.12,0,0,1.4741566583416468,0.6587988897421807,-3.737549627379587,-2.338923974921691,-2.382131211607216,-0.7287752092941331
Vijay Television,0.030753654428481634,0.6881563333254894,Entertainment,Vijay Television,1.6917788058482492,India,Entertainment,70.0,0.8875370809906155,0.9696337080876003,0.4864886519553722,28.1,1.428108284192824,5.36,0,0,1.2518826963701453,1.4849517480675882,-0.5060047166056647,0.9026371038649675,-1.9332780935697111,0.2792917658184738
SlivkiShow,0.030753654428481634,-0.10714239416866958,Entertainment,SlivkiShow,-0.0830206358378728,Ukraine,Entertainment,1.0,0.0821750794580432,0.23934252680267074,0.2009739119280225,82.7,-1.332979482288736,8.88,1,0,0.14051288651263774,-0.43848903768287434,0.196628484360633,0.26662657490835484,-0.13122409722153205,-0.2223101138993665
Emiway Bantai,0.030753654428481634,-0.22604205253722473,Music,Emiway Bantai,-0.33052048372616355,India,Music,70.0,0.16487849703218657,0.3145093206126591,-0.08453979833044896,28.1,1.428108284192824,5.36,0,0,-0.08176107545886376,-0.7251912693662192,0.29054100180981696,0.3326317730184511,-1.9332780935697111,-0.4749402507728846
Got Talent Global,0.019819613873798828,-0.39217717369751554,Entertainment,Got Talent Global,0.2898617564206886,United Kingdom,Entertainment,15.0,0.33771288864603977,0.471555105466991,-0.08453979833044896,60.0,-1.003205685454774,3.85,0,0,-0.08176107545886376,-1.1198867954224527,-0.2051404552200251,0.465136452683137,0.5987927827115396,-0.4736927494648494
ýýýýýýýýýýýýýýý - Genevieve's Playhouse,0.019819613873798828,0.2621849234612575,Education,ýýýýýýýýýýýýýýý - Genevieve's Playhouse,-0.631287647375405,Unknown,Education,-1.0,0.29419551948804207,0.4320057477572531,0.2009739119280225,68.0,0.27904907064799506,9.02,0,1,-1.1931308853163711,0.4590638289580253,0.7606686075434065,0.43050068652704,0.5373702730784362,-0.21982725248747562
BabyBus - Cerita & Lagu Anak-anak,0.019819613873798828,0.29247808654758545,Education,BabyBus - Cerita & Lagu Anak-anak,0.15715348578155497,Indonesia,Education,10.0,0.3998460517412946,0.5280693923942867,-0.08453979833044896,36.3,0.12229127653497812,4.69,0,0,-1.4154048472878726,0.5323433794524811,0.26535974761680486,0.5161964287397668,-0.8211663914313476,-0.4736927494648494
Ami Rodriguez,0.008831577840863707,-0.3097297017251568,Entertainment,Ami Rodriguez,-0.08465120795757551,Colombia,Entertainment,7.0,0.5986506198141746,0.7175733843469979,1.0575194192291342,55.3,-1.2315578190260055,9.71,0,0,0.8073347724271422,-0.9164327530891127,0.08390803798574749,0.6744292677397618,0.46760705376012723,3.2285677070240046
Noor Stars,0.008831577840863707,-0.33826244130891314,Comedy,Noor Stars,0.06943121663919218,United Arab Emirates,Entertainment,5.0,-0.06340374949944265,0.10684595741197064,-0.08453979833044896,36.8,-2.5523985512383427,2.35,0,0,-0.30403503743036525,-0.9850909861785277,-0.03202716759326294,0.15029476388465204,0.7603035088114829,-0.47243292708149204
Family GamesTV,0.008831577840863707,0.06921332199448503,Entertainment,FamilyGamesTV,-2.3948665529838955,Unknown,Games,-1.0,0.26768662202931587,-2.2398305342958547,0.2009739119280225,68.0,0.27904907064799506,9.02,1,1,0.14051288651263774,-0.0023053902489728584,-3.737549627379587,-2.338923974921691,0.5373702730784362,-0.21731992879608317
Kiddiestv Hindi - Nursery Rhymes & Kids Songs,0.008831577840863707,0.08177258436451429,Education,Kiddiestv Hindi - Nursery Rhymes & Kids Songs,-0.3514963545183354,India,Education,71.0,0.4011942847585269,0.5292912169485129,0.3679892441104192,28.1,1.428108284192824,5.36,0,0,-0.9708569233448697,0.028044161478181843,0.47705293474902966,0.5161233358976031,-1.9332780935697111,0.03654556818129057
dednahype,0.008831577840863707,0.540333178893207,Comedy,dednahype,0.4558510751504101,Latvia,Comedy,1.0,0.9614741696687633,1.0394727880209067,0.9390197539400041,88.1,-3.8663020628871148,6.52,0,0,-1.6376788092593741,1.1373795080140483,0.2110715153773004,0.961082526318361,-0.19563260735726012,2.2671441071285954
Marta and Rustam,0.008831577840863707,0.5141354567373727,Comedy,Marta and Rustam,0.10463950454758418,United States,Comedy,106.0,0.7246546298173561,0.8222725084027256,0.6535043273957786,88.2,0.27904907064799506,14.7,0,0,-1.8599527712308757,1.0739572742088421,0.4238804517771166,0.7730775807934341,0.5373702730784362,0.790777584772649
MiawAug,0.008831577840863707,0.005258087764508621,Gaming,MiawAug,0.7012406175739563,Indonesia,Games,11.0,0.2691562768942649,0.4092853386478904,0.2009739119280225,36.3,0.12229127653497812,4.69,0,0,-0.30403503743036525,-0.15681328941052838,-0.2483332348730105,0.4135946464301457,-0.8211663914313476,-0.21731992879608317
CookieSwirlC,-0.0022109896088577763,0.5881072038609798,Entertainment,CookieSwirlC,0.7073767810145979,United States,Games,108.0,0.5579356888832484,0.6717701846220301,0.2009739119280225,88.2,0.27904907064799506,14.7,0,0,-0.08176107545886376,1.2582614592919343,0.07503668996598238,0.6409180471756831,0.5373702730784362,-0.21478777951222386
Skrillex,-0.0022109896088577763,0.0407699347129985,Music,Skrillex,-0.3273946436170663,United States,Music,108.0,0.04999360616044867,0.2101148984025641,0.2009739119280225,88.2,0.27904907064799506,14.7,1,0,0.5850608104556407,-0.06582487619620746,0.43835768272105796,0.23791434106400414,0.5373702730784362,-0.21478777951222386
AuthenticGames,-0.0022109896088577763,0.17032218901131774,Gaming,AuthenticGames,0.8113447867121109,Brazil,Games,20.0,-0.3099740298050347,-0.11702176701232335,0.2009739119280225,51.3,-0.0710351183317133,12.08,1,0,0.3627868484841392,0.2472990373299349,-0.2269126266188074,-0.04470213630875095,0.7303521859778146,-0.21478777951222386
Robin Hood Gamer,-0.0022109896088577763,0.23556791525543397,Entertainment,Homem Aranha player,-2.3948665529838955,Unknown,Games,-1.0,0.26768662202931587,-2.2398305342958547,0.2009739119280225,68.0,0.27904907064799506,9.02,1,1,-0.08176107545886376,0.40507995108031575,-3.737549627379587,-2.338923974921691,0.5373702730784362,-0.21478777951222386
Pencilmation,-0.0022109896088577763,0.2736471467245836,Film & Animation,Pencilmation,0.35519525274767627,United States,Entertainment,109.0,-0.07407683243231361,0.0970537198348928,-0.08453979833044896,88.2,0.27904907064799506,14.7,0,0,1.2518826963701453,0.49718698901386915,0.1264837962185997,0.14186190728777312,0.5373702730784362,-0.47116060018099004
7clouds,-0.0022109896088577763,0.3905844879431865,Music,7clouds,0.534413313441909,United States,Music,108.0,0.6098020800518653,0.7175733843469979,0.3679892441104192,88.2,0.27904907064799506,14.7,0,0,-0.08176107545886376,0.7801226172798712,0.07609431914764514,0.6829476561417758,0.5373702730784362,0.04032521877318503
5-Minute Crafts PLAY,-0.0022109896088577763,0.006725441269802954,Howto & Style,5-Minute Crafts PLAY,0.8485842304743846,United States,Howto,108.0,0.38489461040983763,0.5144460814649011,-0.08453979833044896,88.2,0.27904907064799506,14.7,0,0,-0.9708569233448697,-0.14806562972913548,-0.34290114365383534,0.5057063962404963,0.5373702730784362,-0.47116060018099004
Marvel Entertainment,-0.0022109896088577763,-0.02908933573412448,Entertainment,MarvelEntertainment,-2.1337846467280697,United States,Film,6143.0,-2.963517456859775,-2.1923908050095884,-3.4123570303373922,88.2,0.27904907064799506,14.7,0,0,0.3627868484841392,-0.23455999793723264,1.7363220936260269,-2.091528777800266,0.5373702730784362,-0.7287282621503489
BuzzFeedVideo,-0.0022109896088577763,0.4729882880421304,People & Blogs,BuzzFeedVideo,0.9777229396525446,United States,People,108.0,-0.18848467733290714,-0.007058355500472135,0.2009739119280225,88.2,0.27904907064799506,14.7,1,0,0.3627868484841392,0.9795666275039645,-0.16463648177055662,0.05140574238662844,0.5373702730784362,-0.21478777951222386
REACT,-0.013308632432968946,0.3389427585169861,Entertainment,REACT,0.7599112639987626,United States,Entertainment,109.0,0.030131885040620775,0.1919032556959205,0.2009739119280225,88.2,0.27904907064799506,14.7,1,0,1.2518826963701453,0.6603971171103646,-0.09891264405648785,0.22180061795587366,0.5373702730784362,-0.21223043409252804
Vevo,-0.013308632432968946,-1.0315024026849458,Music,Vevo,0.36670872872500077,United States,Music,109.0,-0.6383518247714128,-0.416669846214984,0.2009739119280225,88.2,0.27904907064799506,14.7,1,0,1.4741566583416468,-2.6252930061619417,-0.6139779033835125,-0.30438544821386126,0.5373702730784362,-0.21223043409252804
Gordon Ramsay,-0.013308632432968946,-0.19159560499748277,Entertainment,Gordon Ramsay,0.36670872872500077,United Kingdom,Entertainment,16.0,0.15290362176222655,0.3035503773145136,0.2009739119280225,60.0,-1.003205685454774,3.85,0,0,1.4741566583416468,-0.6214479514120537,-0.14226552409270068,0.3231455762424168,0.5987927827115396,-0.21223043409252804
Pentatonix,-0.013308632432968946,0.0005814686949324585,Music,pentatonix,-2.1337846467280697,Canada,Entertainment,4072.0,0.26768662202931587,-2.2398305342958547,0.2009739119280225,68.9,-1.4797768836856011,5.56,1,0,1.4741566583416468,-0.15767601461553798,1.7529859695024013,-2.338923974921691,0.5548046918848967,-0.21223043409252804
Green Gold TV - Official Channel,-0.013308632432968946,0.2073896185822445,Film & Animation,Green Gold TV - Official Channel,0.3539223161815586,India,Entertainment,72.0,0.2892598400343508,-2.2398305342958547,-0.08453979833044896,28.1,1.428108284192824,5.36,0,0,0.3627868484841392,0.34216743077676415,0.09009638257280042,-2.338923974921691,-1.9332780935697111,-0.4698755816617963
Gusttavo Lima Oficial,-0.024461902768986386,0.3634223782190323,Music,Gusttavo Lima Oficial,-0.12243481616207069,Brazil,Music,21.0,0.5505427211503596,0.6650483413845734,-0.08453979833044896,51.3,-0.0710351183317133,12.08,0,0,0.5850608104556407,0.7248968459621803,0.48647933432652973,0.6356440448024312,0.7303521859778146,-0.4685776806709155
HaerteTest,-0.035671361099128544,-0.26999313481255666,Science & Technology,HaerteTest,0.3369703365440367,Germany,Tech,3.0,-0.300254878024262,-0.10838270105969651,0.2009739119280225,70.2,-0.8273898965682721,3.04,1,0,0.3627868484841392,-0.7998534748491851,-0.16703372328761001,-0.03705204929975084,0.27566805919181475,-0.20703863543006468
Crafty Panda,-0.035671361099128544,-0.019583610027625046,People & Blogs,Crafty Panda,0.10414487339124776,United States,Entertainment,111.0,-0.2809192343183903,-0.0912218891667764,-0.08453979833044896,88.2,0.27904907064799506,14.7,0,0,-0.9708569233448697,-0.19584098489455767,0.12445089762040934,-0.021700497127832914,0.5373702730784362,-0.4672667025094075
SOMOY TV,-0.035671361099128544,0.3095626053828935,News & Politics,TIME NEWS,1.0717067521162904,United States,News,2251.0,-1.6689314487926237,-1.3491210085485243,0.2009739119280225,88.2,0.27904907064799506,14.7,1,0,-0.08176107545886376,0.5998669980676655,-0.3172600813950066,-1.1192838601410315,0.5373702730784362,-0.20703863543006468
JennaMarbles,-0.046937576419333535,-0.5236813546901886,Comedy,JennaMarbles,-0.31364076611708963,United States,Comedy,112.0,-0.39493205611030646,-0.19410901080214718,0.2009739119280225,88.2,0.27904907064799506,14.7,1,0,0.5850608104556407,-1.4042829709095113,0.11240883819432201,-0.11189720528373716,0.5373702730784362,-0.2044034032941706
Troom Troom Es,-0.046937576419333535,0.0922973315091871,People & Blogs,Troom Troom Es,0.6097397343424549,Unknown,Howto,-1.0,0.08535591443698305,0.2420739845419999,-0.08453979833044896,68.0,0.27904907064799506,9.02,0,1,-0.7485829613733682,0.07977505266220238,-0.14020618054208153,0.2664574645341381,0.5373702730784362,-0.4659424485350214
Official Pink Panther,-0.046937576419333535,0.25954723760229376,Film & Animation,OfficialPinkPanther,-2.1337846467280697,United States,Games,7741.0,0.26768662202931587,-2.2398305342958547,0.2009739119280225,88.2,0.27904907064799506,14.7,1,0,0.3627868484841392,0.4841873050212831,1.8984277097026103,-2.338923974921691,0.5373702730784362,-0.2044034032941706
Britain's Got Talent,-0.046937576419333535,0.27388901900171225,Entertainment,Britain's Got Talent,0.7498851247335786,United Kingdom,Entertainment,17.0,0.228473691776891,0.37229688960211255,-0.08453979833044896,60.0,-1.003205685454774,3.85,0,0,1.0296087343986438,0.51888060915307,-0.12895734644274695,0.381040093778166,0.5987927827115396,-0.4659424485350214
SCTV,-0.046937576419333535,0.21154229235938693,Entertainment,SCTV,-0.2889566111096715,United Kingdom,Music,3695.0,-2.575029454583549,-2.092469275556183,0.2009739119280225,60.0,-1.003205685454774,3.85,1,0,1.4741566583416468,0.368076917525533,0.5092899290206123,-1.8261322841864847,0.5987927827115396,-0.2044034032941706
AS Gaming,-0.05826112641258521,-0.3248256970935279,Gaming,ASGaming,-1.3061745846635104,United States,Games,7711.0,-3.1928940714594063,-2.2215093838251745,0.2009739119280225,88.2,0.27904907064799506,14.7,1,0,0.8073347724271422,-0.9212622301847997,0.879488718690489,-2.2173153168169493,0.5373702730784362,-0.20174141684661723
Sony AATH,-0.05826112641258521,0.36381513014086914,Shows,Sony AATH,1.3093154905472106,United States,Entertainment,112.0,0.6076466741728769,0.7175733843469979,0.3679892441104192,88.2,0.27904907064799506,14.7,0,0,-0.08176107545886376,0.7418040609721068,-0.44059840986322774,0.681573571522445,0.5373702730784362,0.05979762839423358
tabii Urdu,-0.05826112641258521,0.16343469185254206,Entertainment,tabii Urdu,0.307864678265863,Turkey,Entertainment,3.0,0.39574141644514793,0.5243132500381874,-0.08453979833044896,23.9,-0.8245184453388444,13.49,0,0,-1.6376788092593741,0.25708561920672696,0.09524330745073399,0.5127257278954177,0.18577386160534803,-0.4646047160618542
DaFuq!?Boom!,-0.05826112641258521,0.11794082993926881,Film & Animation,DaFuq!?Boom!,-0.3719535937753222,United States,Entertainment,112.0,1.1054175499755878,1.1691073176497522,1.6474202689606974,88.2,0.27904907064799506,14.7,0,0,-0.7485829613733682,0.14709847739771997,0.510667474006512,1.0747098841637595,0.5373702730784362,14.536363174706754
Clash of Clans,-0.05826112641258521,-0.18205115626225435,Gaming,Clash of Clans,0.05897536651724384,United States,Games,113.0,0.020734694649534847,0.18349180611356838,0.2009739119280225,88.2,0.27904907064799506,14.7,1,0,-0.08176107545886376,-0.5772894753213111,0.062482671660561644,0.2222846171521072,0.5373702730784362,-0.20174141684661723
RKD Studios,-0.06964259762664234,-0.061090808274196315,Entertainment,RKD Studios,0.14491746319850168,India,Entertainment,74.0,0.25166271089963227,-2.2398305342958547,0.3679892441104192,28.1,1.428108284192824,5.36,0,0,-0.30403503743036525,-0.28006379325452796,0.07471570296279308,-2.338923974921691,-1.9332780935697111,0.0638110326467086
DLS News,-0.08108258565634473,-0.42652981712039223,News & Politics,DLS News,0.7939918945518314,India,News,74.0,0.10608671564291766,0.2609337799597203,-0.08453979833044896,28.1,1.428108284192824,5.36,0,0,-0.9708569233448697,-1.1551319703204657,-0.5508851800264316,0.2789807071066289,-1.9332780935697111,-0.4618879840336021
JukiLop,-0.08108258565634473,-0.5816427363023983,People & Blogs,JukiLop,-0.7170851007216467,Mexico,People,14.0,-0.5022431276589067,-0.2926189536123165,-0.08453979833044896,40.2,-0.4922656323482104,3.42,0,0,-0.9708569233448697,-1.527173728058459,0.342871145955466,-0.19674196373956285,0.48494866610172105,-0.4618879840336021
etvteluguindia,-0.08108258565634473,0.5822100682659141,Entertainment,etvteluguindia,2.0285862064440043,India,Entertainment,75.0,0.606539625878059,0.7175733843469979,0.2009739119280225,28.1,1.428108284192824,5.36,0,0,0.5850608104556407,1.2812398070997713,-0.7835134138191753,0.6801304784331016,-1.9332780935697111,-0.19633553454027636
FIFA,-0.08108258565634473,-0.037299128443092563,Sports,FIFA,1.100818615255194,Switzerland,Sports,1.0,0.24780908950024405,0.3898861909739056,-0.08453979833044896,59.6,-2.6575709117814,4.58,0,0,1.4741566583416468,-0.21722770557384558,-0.5309111549028582,0.39464121720431955,0.09407785741360927,-0.4618879840336021
Manoj  parihar,-0.09258169533065465,-1.357382863659349,Entertainment,Manoj  parihar,-0.20378432234083965,India,Howto,75.0,0.1402823195501377,0.29213869228012357,0.3679892441104192,28.1,1.428108284192824,5.36,0,0,-1.8599527712308757,-3.340294309339288,-0.4271719419142003,0.3131463985073841,-1.9332780935697111,0.07196165526836983
Vsauce,-0.09258169533065465,-0.3177453596208684,Science & Technology,Vsauce,-0.0830206358378728,Unknown,Entertainment,-1.0,0.2870397827555758,0.42554014759601155,-0.08453979833044896,68.0,0.27904907064799506,9.02,0,1,1.2518826963701453,-0.8881028036395703,0.07834853541148173,0.42498939841753103,0.5373702730784362,-0.46050855794161205
Unbox Therapy,-0.09258169533065465,-0.12591450555375588,Science & Technology,Unbox Therapy,0.4998693811503749,Unknown,Tech,-1.0,-0.04655658582006495,0.12233215224476317,0.9031787387131034,68.0,0.27904907064799506,9.02,0,1,0.5850608104556407,-0.4257248818522542,-0.19161552049728123,0.16362132574986282,0.5373702730784362,2.14885423110411
shane,-0.10414054090450434,-0.1435085281354312,People & Blogs,shane,-0.004048958853422161,United States,Comedy,114.0,-0.4703537402993984,-0.26339585835399343,0.2009739119280225,88.2,0.27904907064799506,14.7,1,0,1.6964306203131483,-0.46273474824768984,0.1249887085908478,-0.17146411647021542,0.5373702730784362,-0.19081761024512744
Sonotek,-0.10414054090450434,0.10025707337006451,Entertainment,Sonotek,1.0034956639269792,India,Music,77.0,0.07964456017621781,0.23694653986128378,-0.08453979833044896,28.1,1.428108284192824,5.36,0,0,0.3627868484841392,0.12598865796482744,-0.3906555664686434,0.2667673821983695,-1.9332780935697111,-0.4591148000537736
Jimmy Kimmel Live,-0.11575974625573443,0.3379625803827502,Entertainment,Jimmy Kimmel Live,0.9136167083799495,United States,Comedy,115.0,-0.03932557300175337,0.12890291631167936,0.2009739119280225,88.2,0.27904907064799506,14.7,1,0,1.4741566583416468,0.7063897617521833,-0.1989705586884626,0.16933415560557077,0.5373702730784362,-0.18801553815258182
TheOdd1sOut,-0.11575974625573443,-0.12037134048307106,Comedy,TheOdd1sOut,-0.5335397526826207,United States,Comedy,115.0,0.0977465332421573,0.2533493012613809,0.2009739119280225,88.2,0.27904907064799506,14.7,1,0,-0.30403503743036525,-0.4014368169493158,0.4820259722546634,0.27941500213652637,0.5373702730784362,-0.18801553815258182
Goldmines Great Indian Comedy,-0.11575974625573443,-0.06436316807760953,Film & Animation,Goldmines Great Indian Comedy,0.6143661372916949,Unknown,Film,-1.0,0.2742888508837285,0.41393110637845315,0.2009739119280225,68.0,0.27904907064799506,9.02,0,1,-0.7485829613733682,-0.2662418664635097,-0.23118619039045646,0.4195862538897644,0.5373702730784362,-0.18801553815258182
Lil Nas X,-0.11575974625573443,0.02207799718966348,Music,Lil Nas X,-1.0247276338816496,Unknown,Music,-1.0,0.19112003138802797,0.3383450254002883,0.2009739119280225,68.0,0.27904907064799506,9.02,1,1,-1.1931308853163711,-0.05746360484972047,0.8847134498860243,0.3500522911971597,0.5373702730784362,-0.18801553815258182
ýýýýýýýýýýýýýý ýýýý,-0.12743994508708378,-0.08761058847265014,Education,ýýýýýýýýýýýýýý ýýýý,-0.8464583433903775,United States,Entertainment,116.0,0.013219236261587514,0.1764652370890901,-0.08453979833044896,88.2,0.27904907064799506,14.7,0,0,-1.1931308853163711,-0.3168649135101161,0.7052496448489397,0.2038711742849429,0.5373702730784362,-0.45628338609206526
SUPER SLICK SLIME SAM,-0.12743994508708378,0.0790802867293552,Howto & Style,SUPER SLICK SLIME SAM,0.16900449029681675,Mexico,Howto,15.0,0.42079894838451753,0.5471246996613861,0.2009739119280225,40.2,-0.4922656323482104,3.42,0,0,-1.1931308853163711,0.08578964554396666,0.13783073876592436,0.5325618490156918,0.48494866610172105,-0.18518412419087346
Wow Kidz Action,-0.12743994508708378,0.138085739172637,Film & Animation,Wow Kidz Action,0.36621539326296143,India,Entertainment,78.0,0.3847221098514351,0.5142952857229952,0.2009739119280225,28.1,1.428108284192824,5.36,0,0,-0.9708569233448697,0.2284279816999903,0.043211354141141974,0.5057179973362277,-1.9332780935697111,-0.18518412419087346
Turma da Mï¿½ï¿½,-0.12743994508708378,0.3605072873292688,Film & Animation,Turma da Mï¿½ï¿½,0.26129646739350976,Brazil,Film,22.0,0.31032736039920966,0.44666846383130315,-0.08453979833044896,51.3,-0.0710351183317133,12.08,0,0,0.14051288651263774,0.7664598541538744,0.23609094398306915,0.44633147446414606,0.7303521859778146,-0.45628338609206526
Calvin Harris,-0.12743994508708378,0.4243371320627862,Music,Calvin Harris,-0.7443255147584434,United Kingdom,Music,18.0,0.3773140622060473,0.5075521006266487,-0.08453979833044896,60.0,-1.003205685454774,3.85,0,0,1.2518826963701453,0.9209422942952094,0.9257019937742081,0.49821692473445867,0.5987927827115396,-0.45628338609206526
KBS WORLD TV,-0.12743994508708378,0.3995739981252519,Entertainment,KBS WORLD TV,1.7764245566226171,South Korea,Entertainment,8.0,0.38971916099782156,0.5188717167859581,0.2009739119280225,94.3,-1.2099295806788581,4.15,1,0,1.2518826963701453,0.8610065729109999,-0.7228687084662552,0.5092835010562888,0.4843914540842102,-0.18518412419087346
HiMan,-0.13918178113365734,-0.3241418666529886,People & Blogs,HiMan,-0.1614181883530641,Russia,Entertainment,4.0,0.04342223045295551,0.2041439279052079,0.2009739119280225,81.9,-0.3826849838307849,4.59,1,0,-0.30403503743036525,-0.8816152702558837,0.1256224588560464,0.23825950510125066,0.13207419293207687,-0.1823229050503529
Masha e o Urso,-0.13918178113365734,0.13913316859003358,Shows,Masha e o Urso,-2.3948665529838955,Unknown,Entertainment,-1.0,0.26768662202931587,-2.2398305342958547,-4.3743264151535985,68.0,0.27904907064799506,9.02,0,1,-0.30403503743036525,0.23649903735942154,-3.737549627379587,-2.338923974921691,0.5373702730784362,-0.7288002540584133
Little Angel Espaï¿½ï¿½ï¿½ï¿½ï¿½ï¿½ï¿½ï¿½ï¿½,-0.13918178113365734,0.21174445161277639,Education,Little Angel Espaï¿½ï¿½ï¿½ï¿½ï¿½ï¿½ï¿½ï¿½ï¿½,0.08328454730611633,Mexico,Education,16.0,0.45109612567000906,0.5746495524694925,0.2009739119280225,40.2,-0.4922656323482104,3.42,1,0,-1.1931308853163711,0.41209101325193276,0.2678910788505279,0.5560489067161771,0.48494866610172105,-0.1823229050503529
TED-Ed,-0.15098590837573794,-0.21703275033398986,Education,TED-Ed,0.4816044982396982,United States,Education,117.0,0.08919966743471898,0.2456621804887892,-0.08453979833044896,88.2,0.27904907064799506,14.7,0,0,0.3627868484841392,-0.6180174693528756,-0.23096196965400395,0.2662599734675959,0.5373702730784362,-0.453391888657135
Sidemen,-0.15098590837573794,-0.059139366282211246,Entertainment,Sidemen,-0.23049262953000663,United Kingdom,Entertainment,19.0,0.3141129745576128,0.45009641090722047,-0.08453979833044896,60.0,-1.003205685454774,3.85,0,0,-0.5263089994018667,-0.2370347900322434,0.3192951408484355,0.4513901379458652,0.5987927827115396,-0.453391888657135
Cardi B,-0.15098590837573794,0.10275749818342889,People & Blogs,Cardi B,-1.52757123352592,Unknown,Entertainment,-1.0,-3.4498154130267253,-2.23354641105722,0.2009739119280225,68.0,0.27904907064799506,9.02,1,1,-0.9708569233448697,0.15412508121611337,1.2746849967670268,-2.287575844392986,0.5373702730784362,-0.17943140761542262
Busy Fun Ltd,-0.15098590837573794,0.10995557687700631,Entertainment,TG MAYANK YT,-1.9810615219516157,Unknown,Entertainment,-1.0,0.26768662202931587,-2.2398305342958547,0.2009739119280225,68.0,0.27904907064799506,9.02,1,1,-1.8599527712308757,0.17152580440226597,1.6454232426795445,-2.338923974921691,0.5373702730784362,-0.17943140761542262
Farruko,-0.15098590837573794,0.20101378748757698,Music,Farruko,-0.36673418132451246,United States,Music,117.0,0.36644207369764054,0.4976719791162853,-0.08453979833044896,88.2,0.27904907064799506,14.7,0,0,0.8073347724271422,0.3917075625940648,0.5539293149608546,0.49056667991654557,0.5373702730784362,-0.453391888657135
ýýýýýýýýýýýýýýýýýýýýýý,-0.15098590837573794,0.20194447335364774,Entertainment,ýýýýýýýýýýýýýýýýýýýýýý,-0.03140482976936392,Ukraine,Entertainment,2.0,0.281574533499106,0.4205194681234524,-0.08453979833044896,82.7,-1.332979482288736,8.88,0,0,-0.30403503743036525,0.39395849312004794,0.33674265804192915,0.42527636581028216,-0.13122409722153205,-0.453391888657135
Triggered Insaan,-0.15098590837573794,-0.2643917757508479,Comedy,Triggered Insaan,-0.24024493018822746,India,People,79.0,0.3919541635787558,0.520879903947577,0.7170007726980412,28.1,1.428108284192824,5.36,0,0,-0.30403503743036525,-0.7321629479910041,0.21035304339357225,0.5091658782528221,-1.9332780935697111,1.1690961171657495
CKN,-0.1628529912574163,0.30963877288889646,Entertainment,cKn,-1.327703962640404,Spain,Music,4093.0,-2.852236189100864,-2.1667842711804055,-4.541342433853443,88.9,-1.2855454083931885,13.96,0,0,1.6964306203131483,0.6600856350257048,1.25060039206456,-2.0173486324665793,0.4398562426781722,-0.7288029715262319
Ali-A,-0.1628529912574163,0.008778459725159926,Gaming,ali-a,-1.9810615219516157,Unknown,People,-1.0,-3.7740140504713593,-2.2398305342958547,0.2009739119280225,68.0,0.27904907064799506,9.02,1,1,-0.7485829613733682,-0.06739799678899484,1.5885996090118297,-2.3299002093069046,0.5373702730784362,-0.1765091487037262
Shemaroo Comedy,-0.17478370491099135,0.0016083368381841227,Entertainment,Shemaroo Comedy,0.7725417887148545,India,Comedy,81.0,0.3773620121527629,0.5076039978167591,0.2009739119280225,28.1,1.428108284192824,5.36,0,0,1.2518826963701453,-0.07909714319010391,-0.2965452948083119,0.49821289772521493,-1.9332780935697111,-0.17355563479696812
Smile Family Spanish,-0.17478370491099135,0.06560721122995793,Entertainment,Smile Family Spanish,-0.08711037820383083,United States,Entertainment,118.0,0.1765179721544288,0.32505343695481653,0.2009739119280225,88.2,0.27904907064799506,14.7,0,0,-1.4154048472878726,0.07555012426356154,0.2963019546591783,0.3416456754375475,0.5373702730784362,-0.17355563479696812
GRAMMY GOLD OFFICIAL,-0.17478370491099135,0.5250712547906348,Music,GRAMMY GOLD OFFICIAL,0.8995655878166541,Thailand,Music,5.0,0.49389950107166425,0.6135619390070658,-0.08453979833044896,49.3,-0.9702421860018955,0.75,0,0,-0.30403503743036525,1.1871568479977743,-0.08478936699765625,0.5912275827567992,-1.0981786604416175,-0.45043837475037696
ýýýýýýýý ýýýýýýýýýý ýýýýýýýýýý | Arab Games Network,-0.17478370491099135,0.16252031350742174,Gaming,ýýýýýýýý ýýýýýýýýýý ýýýýýýýýýý | Arab Games ýýý,0.8996853720668039,Saudi Arabia,Games,3.0,0.174412209457911,0.3230849402345006,0.5784039938330275,68.0,-1.5413900068076587,5.93,0,0,-0.08176107545886376,0.3098439085731037,-0.2884846114896132,0.3417583127208361,0.6200564387211577,0.6483410669960608
Dan-Sa / Daniel Saboya,-0.1867787353874342,-0.31621805391504804,Music,Dan-Sa / Daniel Saboya,0.31443535390797434,Brazil,Music,24.0,1.3349463675000453,-2.2398305342958547,-0.08453979833044896,51.3,-0.0710351183317133,12.08,0,0,1.2518826963701453,-0.8401795958016515,-0.17839797513942,-2.338923974921691,0.7303521859778146,-0.44893773476293214
Marmok,-0.1867787353874342,-0.24108727833184274,Gaming,Marmok,-0.16242128234516587,Russia,Games,5.0,0.14719487631943043,0.2983380856257525,-0.08453979833044896,81.9,-0.3826849838307849,4.59,0,0,1.0296087343986438,-0.6591713123598321,0.17291901981122187,0.31278457824657246,0.13207419293207687,-0.44893773476293214
The ACE Family,-0.1867787353874342,-0.12110779746037033,People & Blogs,The ACE Family,0.0796046422511835,Unknown,People,-1.0,-0.46152779477613226,-0.25573455346097285,0.2009739119280225,68.0,0.27904907064799506,9.02,1,1,-0.7485829613733682,-0.36977592437004736,0.08333805298443889,-0.1645230987766407,0.5373702730784362,-0.1705703617630508
Like Nastya Vlog,-0.1867787353874342,0.13099657114453456,People & Blogs,Like Nastya Vlog,-0.058609778284603245,Russia,People,5.0,0.20466787490884944,0.35063724873593893,-0.08453979833044896,81.9,-0.3826849838307849,4.59,0,0,-0.7485829613733682,0.2392778314802348,0.3145398713240709,0.3581105336436283,0.13207419293207687,-0.44893773476293214
Willie Salim,-0.1867787353874342,-0.17232530798003307,People & Blogs,Willie Salim,0.06175516932922253,Indonesia,People,13.0,0.5307473577262245,0.6470622249882624,1.0575194192291342,36.3,0.12229127653497812,4.69,0,0,-0.30403503743036525,-0.4933597950981174,0.06614301648277576,0.6207371216251155,-0.8211663914313476,3.5775283019119883
PDK Films,-0.19883877989313625,-0.16496720206694265,Entertainment,PDK Films,-0.6175893533731195,United States,Entertainment,120.0,-0.08097528854898528,0.0908806245847545,0.2009739119280225,88.2,0.27904907064799506,14.7,1,0,0.8073347724271422,-0.46993288474907774,0.5118213192232294,0.13638919267432098,0.5373702730784362,-0.16755281456919738
TheWillyrex,-0.19883877989313625,0.06749706771893703,Comedy,TheWillyrex,0.9369435695640891,Spain,Games,7.0,-0.14436312873979484,0.033253529248755125,0.2009739119280225,88.9,-1.2855454083931885,13.96,1,0,0.3627868484841392,0.09146057854957339,-0.3659717046023295,0.08628005996830679,0.4398562426781722,-0.16755281456919738
RsiamMusic : ï¿½ï¿½ï¿½ï¿½ï¿½ï¿½ï¿½ï¿½,-0.19883877989313625,0.2822675774300103,Music,RsiamMusic : ï¿½ï¿½ï¿½ï¿½ï¿½ï¿½ï¿½ï¿½,0.6403956733385836,Thailand,Music,6.0,0.2282189447799559,0.3720025026971277,-0.08453979833044896,49.3,-0.9702421860018955,0.75,0,0,0.3627868484841392,0.6108464350908684,-0.05336326004280776,0.38105526919818944,-1.0981786604416175,-0.44742082755652357
Dhar Mann,-0.19883877989313625,0.27224186614174267,People & Blogs,Alejandro Basalo,-2.3948665529838955,Unknown,Entertainment,-1.0,0.26768662202931587,-2.2398305342958547,-4.3743264151535985,68.0,0.27904907064799506,9.02,0,1,1.2518826963701453,0.586590079131019,-3.737549627379587,-2.338923974921691,0.5373702730784362,-0.7288001047733169
shakiraVEVO,-0.19883877989313625,0.6240174746883207,Music,shakiraVEVO,-0.4029795831080087,United States,Music,120.0,0.6015239716024564,0.7175733843469979,0.2009739119280225,88.2,0.27904907064799506,14.7,1,0,0.8073347724271422,1.4381018660155012,0.8150729101532979,0.6758248935835615,0.5373702730784362,-0.16755281456919738
Naisa Alifia Yuriza (N.A.Y),-0.2109645470330685,-0.5737435122686261,People & Blogs,Naisa Alifia Yuriza (N.A.Y),0.11679877765968458,Indonesia,Entertainment,14.0,-0.04177967215794552,0.1267351483340758,0.2009739119280225,36.3,0.12229127653497812,4.69,1,0,-0.9708569233448697,-1.4475686595090984,-0.1949803302984673,0.16739322029791737,-0.8211663914313476,-0.16450246698572132
Miley Cyrus,-0.2109645470330685,0.10988524894985359,Entertainment,Miley Cyrus,-0.5255536958313477,United States,Entertainment,121.0,0.42944266098578443,0.5549501992101251,-0.08453979833044896,88.2,0.27904907064799506,14.7,0,0,0.8073347724271422,0.19964458982246053,0.6061379927913049,0.5386835135106313,0.5373702730784362,-0.4458873871794561
IShowSpeed,-0.2109645470330685,-0.5876978522139952,Gaming,IShowSpeed,0.31301666457949934,United States,Games,120.0,0.450867814400305,0.5744222975270141,0.7720039068700575,88.2,0.27904907064799506,14.7,0,0,-0.7485829613733682,-1.4809975340739718,-0.3299488508473207,0.5560606888775348,0.5373702730784362,1.4925123607479238
Good Mythical Morning,-0.2109645470330685,0.1643393095767111,Entertainment,Goodmythicalmorning,-2.3948665529838955,Unknown,Entertainment,3305.0,0.26768662202931587,-2.2398305342958547,0.2009739119280225,68.0,0.27904907064799506,9.02,1,0,-0.08176107545886376,0.3313122016518529,-3.737549627379587,-2.338923974921691,0.5373702730784362,-0.16450246698572132
Bobby chourasiya,-0.22315675706060464,0.2172206038457159,People & Blogs,Bobby chourasiya,-0.09965298783448152,Unknown,People,-1.0,0.7325844284945637,0.8337670505397957,0.8639193517254113,68.0,0.27904907064799506,9.02,0,1,-1.4154048472878726,0.46496343716133093,0.3895883699891903,0.7802263160191727,0.5373702730784362,2.04808022854849
INCRï¿½ï¿,-0.22315675706060464,-0.2728954351241476,People & Blogs,INCRï¿½ï¿,0.9347675867854689,Brazil,Howto,25.0,-0.02869374811057847,0.13854057082758106,0.2009739119280225,51.3,-0.0710351183317133,12.08,1,0,-0.9708569233448697,-0.718726011893393,-0.5557358316428203,0.17776785840816528,0.7303521859778146,-0.16141878128008144
Jake Fellman,-0.23541614213426929,0.3462741331699988,Entertainment,Jake Fellman,-0.11883897432825408,United States,Entertainment,122.0,0.7467411590716035,0.844671863774154,0.7170007726980412,88.2,0.27904907064799506,14.7,0,0,0.14051288651263774,0.7829943436749028,0.47451540355065264,0.7912841213455565,0.5373702730784362,1.2411201988043024
GEN HALILINTAR,-0.23541614213426929,-0.26052085822140547,Entertainment,GEN HALILINTAR,0.22106729427897565,Indonesia,Entertainment,15.0,0.06823123659322038,0.2264998200077963,0.2009739119280225,36.3,0.12229127653497812,4.69,1,0,-0.5263089994018667,-0.6831407303510106,-0.08663127236823989,0.25275116833409206,-0.8211663914313476,-0.15830120790085103
SQUEEZIE,-0.23541614213426929,0.21919235460338587,Gaming,SQUEEZIE,0.36522677964707334,France,Entertainment,1.0,0.20058077756263287,0.3469131592272948,-0.08453979833044896,65.6,-1.000492116215705,8.43,0,0,0.3627868484841392,0.47551831235141134,0.08940319579872552,0.3583251480953623,0.44727013810658445,-0.4427698138002255
Blippi - Educational Videos for Kids,-0.23541614213426929,0.3917903581464734,Education,Blippi - Educational Videos for Kids,0.07695395171000739,United States,Education,123.0,0.5097392687639903,0.6279436113025695,0.3679892441104192,88.2,0.27904907064799506,14.7,0,0,-0.30403503743036525,0.8931530527245809,0.3731127576411136,0.6044908075760121,0.5373702730784362,0.12461715266995131
officialpsy,-0.23541614213426929,0.24945405169434867,Music,officialpsy,-0.555702707884463,South Korea,Music,10.0,0.2709624605094129,0.4109270189010575,0.2009739119280225,94.3,-1.2099295806788581,4.15,1,0,0.5850608104556407,0.5487237627987434,0.7041809813153063,0.41349917170876627,0.4843914540842102,-0.15830120790085103
Ajay Sharma,-0.23541614213426929,0.3080184856760354,Entertainment,Ajay Sharma,-2.3948665529838955,Unknown,Entertainment,-1.0,0.26768662202931587,-2.2398305342958547,-4.541342433853443,68.0,0.27904907064799506,9.02,0,1,0.8073347724271422,0.6904197504496905,-3.737549627379587,-2.338923974921691,0.5373702730784362,-0.7288028794967087
Manual do Mundo,-0.24774344658153705,-0.17990065696885735,Howto & Style,Manual do Mundo,0.5477560986198594,Brazil,Tech,26.0,0.2309377019889746,0.37454041433662416,-0.08453979833044896,51.3,-0.0710351183317133,12.08,0,0,1.4741566583416468,-0.48294199576480723,-0.2529444060288634,0.38091105240978146,0.7303521859778146,-0.4411851191012415
How Ridiculous,-0.24774344658153705,0.20225874575293576,Sports,How Ridiculous,0.045339069317241014,Australia,Sports,5.0,0.6907997387377001,0.7972321610625426,0.6535043273957786,113.1,-1.7711271269463045,5.27,0,0,0.8073347724271422,0.4403756642598454,0.287160505767439,0.7466810788456198,0.6568344723792388,0.9734907145000292
And TV,-0.24774344658153705,0.40771196634643936,Entertainment,ANDtv,-0.952764468174374,United States,Entertainment,7627.0,-3.5597304068902273,-2.235620548067013,0.2009739119280225,88.2,0.27904907064799506,14.7,1,0,1.4741566583416468,0.937511270346997,1.0535725314407651,-2.3083119955584337,0.5373702730784362,-0.15514918515120865
Sebastiï¿½ï¿½ï¿½,-0.24774344658153705,0.23958240505561035,News & Politics,Sebastiï¿½ï¿½ï¿½,-0.3336724817971044,United States,Music,124.0,0.3956780918386627,0.5242652760162165,0.2009739119280225,88.2,0.27904907064799506,14.7,1,0,-0.08176107545886376,0.5306604956700824,0.5540962495738561,0.5127294509932625,0.5373702730784362,-0.15514918515120865
SonyMusicSouthVEVO,-0.24774344658153705,0.4731793782246477,Music,SonyMusicSouthVEVO,0.8621232787036328,United States,Music,123.0,0.5930292197452368,0.6973107113330812,-0.08453979833044896,88.2,0.27904907064799506,14.7,0,0,-0.30403503743036525,1.0959876974310894,-0.08969389218363603,0.670009533109038,0.5373702730784362,-0.4411851191012415
TheGrefg,-0.24774344658153705,0.026524290827742783,Gaming,TheGrefg,0.6860293070412717,Spain,Games,8.0,0.17884516873729572,0.32712518413513814,0.2009739119280225,88.9,-1.2855454083931885,13.96,1,0,0.14051288651263774,0.015497442417134681,-0.2265411062655434,0.34152357425372076,0.4398562426781722,-0.15514918515120865
BeatboxJCOP,-0.24774344658153705,0.16032110740232786,Film & Animation,BeatboxJCOP,0.09815807337390539,Unknown,Entertainment,-1.0,0.9847007125888865,1.0597354764964317,1.3680070731875063,68.0,0.27904907064799506,9.02,0,1,0.3627868484841392,0.33894715604374576,0.2293701404393921,0.9792787646272404,0.5373702730784362,8.25355175362307
David Dobrik,-0.26013942717003113,0.0759100209939416,People & Blogs,David Dobrik,-0.027172632756040736,United States,People,125.0,-0.20065308509772578,-0.01783994631608189,-0.08453979833044896,88.2,0.27904907064799506,14.7,0,0,-0.30403503743036525,0.14070349807238763,0.2632140136515174,0.04173143426666875,0.5373702730784362,-0.43958276750056385
KatieAngel,-0.26013942717003113,-0.1954173562256169,People & Blogs,KatieAngel,0.20056110625941503,United States,Music,125.0,0.2174058060263735,0.3621545973053552,-0.08453979833044896,88.2,0.27904907064799506,14.7,0,0,-0.5263089994018667,-0.5145383105891131,-0.03678135283390064,0.3738845206379509,0.5373702730784362,-0.43958276750056385
RobleisIUTU,-0.26013942717003113,-0.06655977267723134,Entertainment,RobleisIUTU,0.31865964010668735,Argentina,Games,9.0,0.07021784462813943,0.2284378044325754,-0.08453979833044896,90.0,-1.3229934936160224,9.79,0,0,-0.08176107545886376,-0.20352961125643293,-0.040919895646670285,0.252644853201786,1.028132831912405,-0.43958276750056385
Lele Pons,-0.26013942717003113,-0.06020713492993277,Comedy,Lele Pons,-0.426528599014407,United States,Entertainment,125.0,-0.02226416188413718,0.1443495238171307,0.2009739119280225,88.2,0.27904907064799506,14.7,1,0,-0.5263089994018667,-0.18818790580530878,0.446117415843859,0.18284453903239145,0.5373702730784362,-0.15196213885154694
Demi Lovato,-0.26013942717003113,0.05809883870477424,Music,Demi Lovato,-0.22809350312971213,United States,Music,125.0,0.0837188207455262,0.24062157553387792,0.2009739119280225,88.2,0.27904907064799506,14.7,1,0,1.0296087343986438,0.09765099019663676,0.38358124585849374,0.26655613104293646,0.5373702730784362,-0.15196213885154694
Like Nastya VNM,-0.26013942717003113,0.21413856568162642,Entertainment,Like Nastya VNM,0.01648963844323704,Vietnam,Entertainment,1.0,0.33226716784106997,0.4666418717094742,-0.08453979833044896,28.5,-0.707576997218799,2.01,0,0,-1.4154048472878726,0.4749609512223106,0.312535688277778,0.465425167164478,-1.8222747501745233,-0.43958276750056385
Jason Derulo,-0.26013942717003113,0.21499998078410054,Music,Jason Derulo,0.13728974962877763,United States,Music,124.0,0.7223896442264408,0.8222725084027256,0.4864886519553722,88.2,0.27904907064799506,14.7,0,0,1.0296087343986438,0.4770446561071017,0.23471833405198764,0.7721642431438811,0.5373702730784362,0.41854240099786044
MGC Playhouse,-0.26013942717003113,0.42866582014852644,Shows,MGC Playhouse,0.3409505944844687,United States,Education,125.0,0.3777953987093532,0.5080187198966775,-0.08453979833044896,88.2,0.27904907064799506,14.7,0,0,0.8073347724271422,0.9940852674596252,0.2227726605786659,0.4981887338282592,0.5373702730784362,-0.43958276750056385
Zuni and Family,-0.26013942717003113,0.049068723968647865,People & Blogs,zuni and family,-1.9810615219516157,Unknown,People,-1.0,-3.5597304068902273,-2.235620548067013,0.2009739119280225,68.0,0.27904907064799506,9.02,1,1,-1.6376788092593741,0.075825480045306,1.6112276427033603,-2.3083119955584337,0.5373702730784362,-0.15196213885154694
Priyal Kukreja,-0.27260485338628687,0.26358290065122963,People & Blogs,Priyal Kukreja,0.11003800384597238,India,People,83.0,0.7136111649173156,0.8101207876260659,0.8205201172558382,28.1,1.428108284192824,5.36,0,0,-1.8599527712308757,0.600458965955375,0.2796649572789992,0.7646904789057665,-1.9332780935697111,1.8319243532593998
MSA previously My Story Animated,-0.27260485338628687,0.153885515494575,Film & Animation,MSA Previously My Story Animated,-1.1534514598870562,United States,People,5208.0,-1.6119381566199196,-1.2978505926116433,-1.5343278130344293,88.2,0.27904907064799506,14.7,0,0,-1.8599527712308757,0.33511347008655096,1.0447581081202018,-1.074157463846029,0.5373702730784362,-0.7201733443336387
ýýýýýýýýý KIMPRO,-0.2851405077223808,0.5032533648745626,Entertainment,ýýýýýýýýý KIMPRO,0.3949567497064618,South Korea,People,9.0,1.1966941072334145,1.2522044544200066,1.3430350603105878,94.3,-1.2099295806788581,4.15,0,0,-0.9708569233448697,1.1864598061580354,0.22968361617458313,1.1468853657365599,0.4843914540842102,7.8987285017388285
Jane ASMR ï¿½ï¿½,-0.2851405077223808,0.08849193731020773,Entertainment,Jane ASMR ï¿½ï¿½,0.4465940895803497,South Korea,People,11.0,0.37820978563078406,-2.2398305342958547,0.2009739119280225,94.3,-1.2099295806788581,4.15,1,0,0.14051288651263774,0.18291016456518755,-0.03669905295849263,-2.338923974921691,0.4843914540842102,-0.14548061436583035
ArianaGrandeVevo,-0.2851405077223808,0.5233233324979829,Music,ArianaGrandeVevo,-0.4409776637883206,United States,Music,127.0,0.36563689901182106,0.49696395782312014,0.2009739119280225,88.2,0.27904907064799506,14.7,1,0,0.5850608104556407,1.235051920074853,0.7832468719675167,0.4906086454425339,0.5373702730784362,-0.14548061436583035
jaanvi patel,-0.2851405077223808,0.11830039548879878,People & Blogs,jaanvi patel,-0.04439444704063592,India,People,84.0,0.6625362033991429,0.7688437588688432,0.8205201172558382,28.1,1.428108284192824,5.36,0,0,-1.1931308853163711,0.2549786061556428,0.29818993226250595,0.7243708726557995,-1.9332780935697111,1.8460388281341518
tanboy kun,-0.2851405077223808,-0.21790713439030113,People & Blogs,tanboy kun,0.09360468797913796,Indonesia,Entertainment,17.0,0.20094514751947926,0.3472443920957954,-0.08453979833044896,36.3,0.12229127653497812,4.69,0,0,-0.7485829613733682,-0.5570162430899445,0.01989882619114081,0.358307988100777,-0.8211663914313476,-0.4363238998756253
Lil Pump,-0.2851405077223808,-0.15706034931045498,Music,Lil Pump,-0.8464583433903775,Unknown,Music,-1.0,-0.18514649574241038,-2.2398305342958547,0.2009739119280225,68.0,0.27904907064799506,9.02,1,1,-0.5263089994018667,-0.4102299224687618,0.6662448992251889,-2.338923974921691,0.5373702730784362,-0.14548061436583035
Porta dos Fundos,-0.2851405077223808,0.10866575053453996,Entertainment,Porta dos Fundos,0.5109559873050532,Brazil,Entertainment,27.0,0.12847457133354337,0.2812866151989111,0.2009739119280225,51.3,-0.0710351183317133,12.08,1,0,0.14051288651263774,0.23168350775962912,-0.06704860756104886,0.30249436909433125,0.7303521859778146,-0.14548061436583035
News 24,-0.2851405077223808,0.14407998295885,News & Politics,24 ï¿½ï¿½ï¿½ï,2.2239656350431667,Ukraine,News,24.0,0.6782032923711276,0.78351145088913,0.2585432903812924,82.7,-1.332979482288736,8.88,0,0,1.4741566583416468,0.3173153130637617,-1.1560372261039602,0.7369729935074223,-0.13122409722153205,-0.05854441093775487
Les' Copaque Production,-0.2851405077223808,0.17706104672521752,Film & Animation,Les' Copaque Production,0.4106345835308615,Malaysia,Entertainment,1.0,0.4099103927037127,0.5372018562009546,0.2009739119280225,45.1,-1.5853860067855599,3.32,0,0,0.8073347724271422,0.39707695105144447,0.036331966359344686,0.5263309481313341,0.17558832051843626,-0.14548061436583035
El Payaso Plim Plim,-0.2851405077223808,0.45654986939260644,Film & Animation,El Payaso Plim Plim,0.31073558828814085,Argentina,Music,10.0,0.8058694726110783,0.9004497884939663,0.6535043273957786,90.0,-1.3229934936160224,9.79,0,0,-0.08176107545886376,1.0733924849799126,0.25800453750654345,0.837764850515151,1.028132831912405,1.0018675343822885
zbing z.,-0.29774718597067823,0.18698399012614805,Gaming,zbing z.,0.6394408906437609,Thailand,Games,7.0,0.23247417328376838,0.37589453604821677,0.2009739119280225,49.3,-0.9702421860018955,0.75,1,0,-0.30403503743036525,0.427025819148799,-0.10625872551101827,0.38082750705201995,-1.0981786604416175,-0.14218492220906345
MissaSinfonia,-0.29774718597067823,-0.4229905457649328,Comedy,MissaSinfonia,-0.3400567290664641,Mexico,Comedy,17.0,0.06936728949979669,0.22766472930974527,-0.08453979833044896,40.2,-0.4922656323482104,3.42,0,0,0.3627868484841392,-1.045020357146359,0.1861284095760911,0.25269042431336436,0.48494866610172105,-0.4346667700836965
ýýýýýýýýý Liziqi,-0.29774718597067823,-0.30594812948702677,Howto & Style,ýýýýýýýýý Liziqi,-0.5643619759451923,China,Howto,1.0,0.021384218523240312,0.1839679428781433,-0.08453979833044896,50.6,1.4463538138147953,4.32,0,0,-0.9708569233448697,-0.7633007080040336,0.39790119819315767,0.22224880876317343,-0.603091349487403,-0.4346667700836965
The Game Theorists,-0.29774718597067823,-0.20557729691957735,Gaming,TheGameTheorists,-2.3948665529838955,Australia,Entertainment,6095.0,0.26768662202931587,-2.2398305342958547,0.2009739119280225,113.1,-1.7711271269463045,5.27,1,0,-0.08176107545886376,-0.5213472096532934,-3.737549627379587,-2.338923974921691,0.6568344723792388,-0.14218492220906345
DeGoBooM,-0.29774718597067823,0.01978627761864335,Gaming,DeGoBooM,0.7901670773771616,Chile,Games,3.0,0.3722471403598448,0.5029878477319407,0.5784039938330275,88.5,-2.0186049929846877,7.09,0,0,-0.30403503743036525,0.022789212959247684,-0.29774687324240745,0.4944169684537646,0.8042726785430404,0.7255019721994428
JFlaMusic,-0.29774718597067823,-0.1998387974509427,Music,JFlaMusic,-0.2140110565480582,South Korea,Music,12.0,-0.1423528293500806,0.03517745683504287,0.2009739119280225,94.3,-1.2099295806788581,4.15,1,0,0.3627868484841392,-0.5075055076109884,0.22957333048781853,0.08784208527691212,0.4843914540842102,-0.14218492220906345
FactTechz,-0.31042569752698396,-0.42989316563942825,Entertainment,FactTechz,0.07801646742563483,India,Entertainment,86.0,0.007394786240887816,0.17122803133683728,0.2009739119280225,28.1,1.428108284192824,5.36,1,0,-0.7485829613733682,-1.0556706495549033,-0.08905417612661677,0.20418732873750325,-1.9332780935697111,-0.13885177780279281
News18 India,-0.31042569752698396,0.08114369083471834,News & Politics,News18 India,2.1687033014225627,India,News,85.0,0.6924719516331497,0.7972321610625426,0.7170007726980412,28.1,1.428108284192824,5.36,0,0,1.2518826963701453,0.1770712798313101,-1.155614124097402,0.747728959817748,-1.9332780935697111,1.3073528984303793
Fun For Kids TV - Hindi Rhymes,-0.31042569752698396,0.10150221550090877,Entertainment,Fun For Kids TV - Hindi Rhymes,-0.5075527892914903,India,Entertainment,86.0,0.39370860439963873,0.522482583556056,0.3679892441104192,28.1,1.428108284192824,5.36,0,0,-0.9708569233448697,0.2262905747929718,0.589698346578142,0.5128336673161277,-1.9332780935697111,0.1536300700718402
IGN,-0.31042569752698396,0.426852766544729,Gaming,IGN,2.109627275210327,United States,Games,129.0,0.36783498113449303,0.49897293258014375,0.2009739119280225,88.2,0.27904907064799506,14.7,1,0,1.4741566583416468,1.013444538493157,-0.9232206572321074,0.4904953166620175,0.5373702730784362,-0.13885177780279281
Aphmau,-0.3231768657023488,0.4693464897834412,Gaming,Aphmau,0.7661087605645842,United States,Games,129.0,0.7181636393357895,0.8222725084027256,0.4864886519553722,88.2,0.27904907064799506,14.7,0,0,0.14051288651263774,1.1223363111993543,-0.029686981902800117,0.7684651098749492,0.5373702730784362,0.4511402864604565
AMARINTV : ï¿½ï¿½ï¿½ï¿½ï¿½ï¿½ï¿½ï¿½ï¿½ï¿½ï¿½ï¿½,-0.3231768657023488,0.3352723979279156,Entertainment,AMARINTV : ï¿½ï¿½ï¿½ï¿½ï¿½ï¿½ï¿½ï¿½ï¿½ï¿½ï¿½ï¿½,2.00538348211368,Thailand,News,8.0,0.5725444493598002,0.6850589268577604,0.2009739119280225,49.3,-0.9702421860018955,0.75,0,0,-0.30403503743036525,0.7978048582150811,-0.9071804810994437,0.6527632361553521,-1.0981786604416175,-0.1354805390807383
ýýýýýýýýýýýýýýýý - Al-Remas,-0.3231768657023488,0.2669556703652047,Music,ýýýýýýýýýýýýýýýý - Al-Remas,0.4925281807879508,Iraq,Music,1.0,0.4003328909892478,0.5284931267782753,0.2009739119280225,16.2,-1.4308141038427928,12.82,1,0,-0.08176107545886376,0.6324906627715317,0.03378418922837034,0.5161708495307132,-0.06918381326646102,-0.1354805390807383
Koray Zeynep,-0.3231768657023488,0.4389044923868328,People & Blogs,Koray Zeynep,0.4826931162559195,Unknown,People,-1.0,0.7108842468536719,0.8101207876260659,0.4864886519553722,68.0,0.27904907064799506,9.02,0,1,-0.7485829613733682,1.0486405089319264,0.13672393794009993,0.7627738762857234,0.5373702730784362,0.4511402864604565
Apple,-0.33600152804393574,-0.7682997214555751,Science & Technology,Apple,-0.43679249215929905,United States,Tech,130.0,0.1925937098032834,0.33960672768032535,-0.08453979833044896,88.2,0.27904907064799506,14.7,0,0,1.6964306203131483,-1.8542557563386495,0.05511460236634174,0.34997152486199584,0.5373702730784362,-0.4295807656042885
Stubborn Facts,-0.33600152804393574,-0.8242866298474726,Film & Animation,Stubborn Facts,-0.2618469596402081,India,Entertainment,87.0,-0.7465930039584207,-0.5110260757664505,0.2009739119280225,28.1,1.428108284192824,5.36,1,0,-0.7485829613733682,-1.9875321755956503,-0.09006839556454588,-0.39001875010365605,-1.9332780935697111,-0.1320705492156721
Taarak Mehta Ka Ooltah Chashmah,-0.33600152804393574,0.2757298464744253,Entertainment,Taarak Mehta Ka Ooltah Chashmah,0.7962052322951958,India,Entertainment,87.0,0.6523290541867721,0.7530886115224619,0.3679892441104192,28.1,1.428108284192824,5.36,0,0,-0.30403503743036525,0.6597743958827472,-0.15791168637045805,0.7159319770164533,-1.9332780935697111,0.16374444306523145
HowToBasic,-0.33600152804393574,-0.21346094610648644,Howto & Style,HowToBasic,0.003784839730701076,Australia,Howto,6.0,-0.06387025046905707,0.10650389147084686,0.2009739119280225,113.1,-1.7711271269463045,5.27,1,0,0.3627868484841392,-0.5223613203569245,0.0806222919661862,0.14992449300456673,0.6568344723792388,-0.1320705492156721
PopularMMOs,-0.348900536665071,0.38340813459812706,Gaming,PopularMMOs,0.7888030868112664,Unknown,Games,-1.0,-0.06734547160407894,0.10340027563987456,-0.08453979833044896,68.0,0.27904907064799506,9.02,0,1,0.14051288651263774,0.9264529508843956,-0.0926446687589424,0.14717732665897307,0.5373702730784362,-0.4278461183387434
Marques Brownlee,-0.348900536665071,-0.22273699183150283,Science & Technology,Marques Brownlee,0.37644212747018,United States,Tech,131.0,0.22027479179587303,0.3648120860969155,-0.08453979833044896,88.2,0.27904907064799506,14.7,0,0,1.0296087343986438,-0.5386646373777186,-0.16605949825973385,0.3737346002756536,0.5373702730784362,-0.4278461183387434
Anitta,-0.348900536665071,0.08551973243016493,Music,Anitta,-0.5362398471943506,Brazil,Music,28.0,0.29713214180624997,0.43465496111961593,0.2009739119280225,51.3,-0.0710351183317133,12.08,1,0,0.3627868484841392,0.2057974907898887,0.5994199189197348,0.4360611163713016,0.7303521859778146,-0.12862113619277363
Jason Vlogs,-0.348900536665071,0.1695187715096791,Education,Jason Oo,-0.7259481348524909,Australia,People,3450.0,-3.174175293187686,-2.2195678419549236,0.2009739119280225,113.1,-1.7711271269463045,5.27,1,0,-0.30403503743036525,0.40892078521434205,0.7705475395338697,-2.2182761008337426,0.6568344723792388,-0.12862113619277363
El Reino a Jugar,-0.348900536665071,0.27853621758197344,Education,El Reino a Jugar,0.2100207086914402,Argentina,Education,11.0,0.3301590550333138,0.46468244101757,-0.08453979833044896,90.0,-1.3229934936160224,9.79,0,0,-0.5263089994018667,0.672653977099237,0.22327389074051432,0.4606669138649587,1.028132831912405,-0.4278461183387434
Willyrex,-0.348900536665071,-0.07888003875957346,Gaming,Willyrex,0.9685085729166684,Spain,Games,9.0,-0.06568488512679835,0.10478525705114003,0.2009739119280225,88.9,-1.2855454083931885,13.96,1,0,0.8073347724271422,-0.19146300771805913,-0.46861451573306917,0.14851599955283837,0.4398562426781722,-0.12862113619277363
TheBrianMaps,-0.3618747585850428,-0.13171611363336105,Comedy,TheBrianMaps,-0.054816578337719385,Russia,Entertainment,6.0,0.14026344237557356,0.29213869228012357,-0.08453979833044896,81.9,-0.3826849838307849,4.59,0,0,0.14051288651263774,-0.31292674347716715,0.1645336081410052,0.3131463985073841,0.13207419293207687,-0.42609124177961494
TRANS TV Official,-0.3618747585850428,0.20719613105723478,Entertainment,TRANS TV Official,2.0898519668451705,Indonesia,Entertainment,18.0,0.1891831136152466,0.33649635112724524,-0.08453979833044896,36.3,0.12229127653497812,4.69,0,0,-0.30403503743036525,0.5061793813967725,-1.0337840238246316,0.35015992480889585,-0.8211663914313476,-0.42609124177961494
Liza Koshy,-0.3618747585850428,-0.4426926298952706,Comedy,Liza Koshy,-0.5255536958313477,United States,Entertainment,132.0,-0.5728824916549616,-0.3575342938547163,0.2009739119280225,88.2,0.27904907064799506,14.7,1,0,-0.08176107545886376,-1.0623118635845927,0.29579626042642143,-0.25272956208800107,0.5373702730784362,-0.1251316123681
Queen Official,-0.374925076078789,0.25525984294578236,Music,Queen Official,0.2129982860269555,United Kingdom,Music,21.0,0.35669680727560243,0.488846043523567,-0.08453979833044896,60.0,-1.003205685454774,3.85,0,0,1.0296087343986438,0.6286193024249785,0.2082720928156444,0.4825030086562859,0.5987927827115396,-0.42431577998220743
Prajapati News,-0.374925076078789,-0.7789861974706356,Comedy,Prajapati News,0.3359017923623851,India,Entertainment,89.0,-0.23011845846231863,-0.04465338691116074,-0.08453979833044896,28.1,1.428108284192824,5.36,0,0,-0.08176107545886376,-1.8616257158329896,-0.4522047679785052,0.018468426350502627,-1.9332780935697111,-0.42431577998220743
Gaby and Alex,-0.374925076078789,0.13535985992273553,Entertainment,gabyandalex,-2.1337846467280697,Unknown,People,-1.0,0.26768662202931587,-2.2398305342958547,0.2009739119280225,68.0,0.27904907064799506,9.02,1,1,1.0296087343986438,0.33858722739288755,1.8286809304397618,-2.338923974921691,0.5373702730784362,-0.12160127401156397
LuisFonsiVEVO,-0.374925076078789,0.3825266873441128,Music,LuisFonsiVEVO,-0.667885497553122,United States,Music,133.0,0.20878806763267005,0.3544039227324602,0.2009739119280225,88.2,0.27904907064799506,14.7,1,0,0.8073347724271422,0.936608753655454,0.8521768264970667,0.36628484410484274,0.5373702730784362,-0.12160127401156397
Pop Chartbusters,-0.3880523870368848,0.15867603350839163,Music,Pop Chartbusters,0.5101146611312253,India,Music,90.0,0.2978613733840376,0.4353121382333527,0.2009739119280225,28.1,1.428108284192824,5.36,0,0,0.3627868484841392,0.4011704553121719,-0.038416765771447474,0.43602730046720656,-1.9332780935697111,-0.1180294008337791
Guava Juice,-0.3880523870368848,0.17951237323865285,Gaming,Guava Juice,0.45095548282037823,United States,Entertainment,134.0,-0.14681999910697371,0.031312031705549054,0.2009739119280225,88.2,0.27904907064799506,14.7,1,0,1.4741566583416468,0.45156773011952706,0.011595842428084148,0.08428991651737189,0.5373702730784362,-0.1180294008337791
EeOneGuy,-0.3880523870368848,-0.19692285290087236,Entertainment,EeOneGuy,-0.1705436794853507,United States,Entertainment,134.0,-0.5902440111786861,-0.37328711699410033,0.2009739119280225,88.2,0.27904907064799506,14.7,1,0,-0.08176107545886376,-0.45796914847159026,0.20299445663664378,-0.266292040568234,0.5373702730784362,-0.1180294008337791
VICE,-0.3880523870368848,-0.11624285999317976,Entertainment,VICE,0.7197435400715683,United States,Entertainment,134.0,0.1351293310181864,0.2873675535321941,-0.08453979833044896,88.2,0.27904907064799506,14.7,0,0,1.6964306203131483,-0.2632405694519275,-0.32855068886410005,0.3021343286574718,0.5373702730784362,-0.42251936860183
Aayu and Pihu Show,-0.3880523870368848,0.18703819527743262,Comedy,Aayu and Pihu Show,-0.10050420078753232,India,People,90.0,0.34653813596338123,0.47957857668586024,0.2009739119280225,28.1,1.428108284192824,5.36,1,0,-0.9708569233448697,0.4697716999424736,0.3731893759683517,0.47407167829207114,-1.9332780935697111,-0.1180294008337791
Danny Fitt,-0.3880523870368848,0.19968030942838585,People & Blogs,Danny Fitt,0.5269165197678511,United States,Entertainment,134.0,0.6085421487591486,0.7175733843469979,0.7170007726980412,88.2,0.27904907064799506,14.7,0,0,-0.7485829613733682,0.5003525925044973,-0.026267794698468287,0.6815257490318698,0.5373702730784362,1.3781949253638692
Bispo Bruno Leonardo,-0.3880523870368848,-0.23288405542760438,Nonprofits & Activism,Bispo Bruno Leonardo,0.8050077748860461,Brazil,Nonprofit,29.0,0.46585332273625135,0.5880719258490773,0.4864886519553722,51.3,-0.0710351183317133,12.08,0,0,-0.7485829613733682,-0.5447152192873005,-0.4492606942858176,0.5694709500224172,0.7303521859778146,0.4856447345483793
DeToxoMoroxo,-0.40125760533629773,-0.41505452670327353,Entertainment,de toxomoroxo,-2.1337846467280697,Unknown,Music,-1.0,0.26768662202931587,-2.2398305342958547,0.2009739119280225,68.0,0.27904907064799506,9.02,1,1,-0.7485829613733682,-0.9773587839985941,1.5195542587569322,-2.338923974921691,0.5373702730784362,-0.11441525549610625
Doggy Doggy Cartoons,-0.40125760533629773,0.03415399471532471,Entertainment,Doggy Doggy Cartoons,-2.3948665529838955,Unknown,Entertainment,-1.0,0.26768662202931587,-2.2398305342958547,0.2009739119280225,68.0,0.27904907064799506,9.02,1,1,-1.1931308853163711,0.10631980484152176,-3.737549627379587,-2.338923974921691,0.5373702730784362,-0.11441525549610625
deepesh zo,-0.40125760533629773,0.07771428819114751,People & Blogs,deepesh zo,-0.9870300411083163,Unknown,People,-1.0,-3.7740140504713593,-2.2398305342958547,-4.541342433853443,68.0,0.27904907064799506,9.02,0,1,-1.8599527712308757,0.21162193992707812,0.8909330123984437,-2.3299002093069046,0.5373702730784362,-0.7288026575485239
Like Nastya IDN,-0.40125760533629773,0.07704224622207058,Entertainment,Like Nastya IDN,-0.05180928434737564,Indonesia,Entertainment,19.0,0.1734805064186573,0.3222179580655359,-0.08453979833044896,36.3,0.12229127653497812,4.69,0,0,-1.4154048472878726,0.20999716052039408,0.2798271658094471,0.34180522468392466,-0.8211663914313476,-0.4207016346445345
Gato Galactico | GALï¿½ï¿,-0.40125760533629773,-0.21240401072053225,Film & Animation,Gato Galactico | GALï¿½ï¿,0.3577282923641683,Brazil,Entertainment,30.0,0.1803927002676253,0.3285755330136398,-0.08453979833044896,51.3,-0.0710351183317133,12.08,0,0,-0.08176107545886376,-0.489102272604833,-0.14813544715747914,0.3414389954193928,0.7303521859778146,-0.4207016346445345
Salman Noman,-0.41454166122211406,0.2366630981006858,Entertainment,salman Noman,-1.8727027404722443,Unknown,Entertainment,-1.0,-3.4498154130267253,-2.23354641105722,-3.839135921978038,68.0,0.27904907064799506,9.02,0,1,-2.0822267332023774,0.6023249773251584,1.6177325863498924,-2.287575844392986,0.5373702730784362,-0.7287746606992771
CoryxKenshin,-0.41454166122211406,0.07143468397559935,Gaming,CoryxKenshin,0.40555493097040723,United States,Games,135.0,0.38340871061541854,0.5131356178128179,0.2009739119280225,88.2,0.27904907064799506,14.7,0,0,0.8073347724271422,0.20270572075304008,-0.019700638253859995,0.5018811670235016,0.5373702730784362,-0.11075808310319961
With Kids[ï¿½ï¿½ï¿½ï¿½ï,-0.41454166122211406,0.1657232470317693,Entertainment,With Kids[ï¿½ï¿½ï¿½ï¿½ï,0.17602194994406103,United States,Entertainment,135.0,0.1886055490115029,0.3360316598045843,-0.08453979833044896,88.2,0.27904907064799506,14.7,0,0,0.14051288651263774,0.43071485767808954,0.18194445500690176,0.35018682342743507,0.5373702730784362,-0.4188621962089235
Travis Scott,-0.41454166122211406,0.12196078003172776,Music,Travis Scott,-1.400835072140596,United States,Music,1920.0,-1.472306557689591,-1.1731701006417068,0.2009739119280225,88.2,0.27904907064799506,14.7,1,0,0.5850608104556407,0.32487527060591925,1.1958183655724084,-0.9645013300424399,0.5373702730784362,-0.11075808310319961
Tu COSMOPOLIS,-0.41454166122211406,-0.07328315981407067,People & Blogs,Tu COSMOPOLIS,1.0236740468489474,Mexico,People,19.0,-0.054799510156188065,0.11489464116388275,0.2009739119280225,40.2,-0.4922656323482104,3.42,1,0,-0.30403503743036525,-0.14701549150679807,-0.5011823670177012,0.1571162501374831,0.48494866610172105,-0.11075808310319961
Ivana Alawi,-0.4279055017008151,-0.6596146762321575,Entertainment,Ivana Alawi,-0.43679249215929905,Philippines,People,5.0,-0.07068693364121939,0.10025067940232193,-0.08453979833044896,35.5,-0.6156814037179327,2.15,0,0,-1.1931308853163711,-1.55184810468303,0.1161548693447421,0.1445523395915253,-1.2805927858517596,-0.4170006622186552
Werever2morro,-0.4279055017008151,-0.33293275472669615,Entertainment,werever2morro,-2.3948665529838955,Mexico,Games,4248.0,0.26768662202931587,-2.2398305342958547,0.2009739119280225,40.2,-0.4922656323482104,3.42,1,0,0.5850608104556407,-0.7671346581102927,-3.737549627379587,-2.338923974921691,0.48494866610172105,-0.10705711067732034
IDEAS EN 5 MINUTOS,-0.4279055017008151,-0.21203108256971584,Howto & Style,Ideas En 5 Minutos,-0.36846596171503854,Spain,Entertainment,2753.0,-1.3427563319486782,-1.0552053131274926,0.2009739119280225,88.9,-1.2855454083931885,13.96,1,0,-0.9708569233448697,-0.47566082860445563,0.3230789583356692,-0.8640937351660449,0.4398562426781722,-0.10705711067732034
NMF News,-0.4279055017008151,0.09127757346196909,News & Politics,NMF News,1.9851766950437917,India,News,91.0,0.24914810656131997,0.391056532248435,-0.08453979833044896,28.1,1.428108284192824,5.36,0,0,-0.08176107545886376,0.2569850318285021,-1.0311333695162526,0.39457070348323403,-1.9332780935697111,-0.4170006622186552
SriBalajiMovies,-0.4279055017008151,0.19490481050011377,Entertainment,SriBalajiMovies,1.3373314602769297,India,Entertainment,91.0,0.47279586415356134,0.5943746702549415,0.2009739119280225,28.1,1.428108284192824,5.36,0,0,0.3627868484841392,0.5076088091513455,-0.5535973153887602,0.5745107108397713,-1.9332780935697111,-0.10705711067732034
Lahari Music - TSeries,-0.4279055017008151,0.29712379874050576,Music,Lahari Music - TSeries,1.033665655820879,India,Music,91.0,0.34452382651929564,0.47773532653186024,-0.08453979833044896,28.1,1.428108284192824,5.36,0,0,0.3627868484841392,0.7549302243588656,-0.2996206456228402,0.47417718471538506,-1.9332780935697111,-0.4170006622186552
Younes Zarou,-0.4279055017008151,0.4039308029042846,Entertainment,Younes Zarou,0.5041721646490422,Germany,Entertainment,4.0,0.7973968269316166,0.8921115718006939,0.8205201172558382,70.2,-0.8273898965682721,3.04,0,0,-1.8599527712308757,1.0134389195799678,0.10317262516742562,0.8305623279822877,0.27566805919181475,2.0122326832616273
Jordan Matter,-0.4279055017008151,-0.015079771259961504,Entertainment,Jordan Matter,-0.12515440610981454,United States,Entertainment,136.0,0.5327107440336145,0.6488320898865932,0.3679892441104192,88.2,0.27904907064799506,14.7,0,0,1.4741566583416468,-0.00010203040568834339,0.27566749348780895,0.6226991178512896,0.5373702730784362,0.2010470024284035
ýýýýýýýý ýýýýýýýýýýýýýýýýýýýýýý,-0.4413500909453475,-0.3922402435810222,Entertainment,ýýýýýýýý ýýýýýýýýýýýýýýýýýýýýýý,-0.11794535215008972,United States,Entertainment,137.0,0.01715101069759407,0.1801286519450432,0.2009739119280225,88.2,0.27904907064799506,14.7,0,0,-0.30403503743036525,-0.9036341944489867,0.05916725498537355,0.22246355517725905,0.5373702730784362,-0.10331154661364626
FailArmy,-0.4413500909453475,-0.2973569341583534,Comedy,FailArmy,-0.1030694427441387,United States,Entertainment,137.0,0.400297706816676,0.5284460868650833,-0.08453979833044896,88.2,0.27904907064799506,14.7,0,0,0.3627868484841392,-0.6750896281408426,0.10280499344979455,0.5161708495307132,0.5373702730784362,-0.41511663214524935
BBC News Hindi,-0.4413500909453475,0.06776880876597129,News & Politics,BBC News Hindi,1.3581252299043458,India,News,92.0,0.435253726207222,0.5602413001574651,0.3679892441104192,28.1,1.428108284192824,5.36,0,0,0.8073347724271422,0.206487631380043,-0.6384596963947113,0.5447405961025367,-1.9332780935697111,0.20663200492768843
FunFun Toy Doll TV,-0.4413500909453475,0.08958270199466543,Entertainment,FunFun Toy Doll TV,0.09156315684892842,United States,Entertainment,137.0,0.041654212525235865,0.20240667463745252,0.2009739119280225,88.2,0.27904907064799506,14.7,1,0,-0.7485829613733682,0.2592290861308872,0.19391609855181904,0.2383580051975649,0.5373702730784362,-0.10331154661364626
Sandra Cires Art,-0.4548764107125811,-0.18269733934500576,Howto & Style,Sandra Cires Art,0.24016972074455553,United States,Entertainment,138.0,-0.028914168817987675,0.1382459146326074,0.2009739119280225,88.2,0.27904907064799506,14.7,1,0,0.3627868484841392,-0.39218499321429734,-0.0552996382765714,0.17756277583741403,0.5373702730784362,-0.09952058011577461
Kaykai Salaider,-0.4548764107125811,-0.1330507127494982,Comedy,Kaykai Salaider,-0.11174866479906782,Thailand,Entertainment,9.0,-0.18268002151352902,-0.0012967130158034739,0.2009739119280225,49.3,-0.9702421860018955,0.75,1,0,0.3627868484841392,-0.27234504425842765,0.20071427981764914,0.05599354086285668,-1.0981786604416175,-0.09952058011577461
UFC - Ultimate Fighting Championship,-0.4548764107125811,0.0734379998220297,Sports,UFC - Ultimate Fighting Championship,1.2184790112594128,United States,Sports,138.0,0.4388022449710126,0.5634576543196773,-0.08453979833044896,88.2,0.27904907064799506,14.7,0,0,1.4741566583416468,0.22657417280312145,-0.5448822708916331,0.5476608947492598,0.5373702730784362,-0.4132096957207835
Ch7HD,-0.4548764107125811,0.19597896066010934,Entertainment,Ch7HD,1.7245843298674919,Thailand,Entertainment,9.0,0.341203118911976,0.47472825014948977,-0.08453979833044896,49.3,-0.9702421860018955,0.75,0,0,0.5850608104556407,0.522936233751923,-0.8036573492877928,0.46970735616977266,-1.0981786604416175,-0.4132096957207835
RCTI - LAYAR DRAMA INDONESIA,-0.4548764107125811,0.3495078857688455,Entertainment,RCTI - LAYAR DRAMA INDONESIA,-2.1337846467280697,Unknown,People,-1.0,0.26768662202931587,-2.2398305342958547,0.2009739119280225,68.0,0.27904907064799506,9.02,1,1,-1.6376788092593741,0.8944430594713568,1.9489518900762817,-2.338923974921691,0.5373702730784362,-0.09952058011577461
Alfredo Larin,-0.4548764107125811,0.37917784937251964,Entertainment,Alfredo Larin,-2.1337846467280697,Unknown,Entertainment,-1.0,-3.7740140504713593,-2.2398305342958547,0.2009739119280225,68.0,0.27904907064799506,9.02,1,1,-0.5263089994018667,0.9662582958610462,1.9656152937238074,-2.3299002093069046,0.5373702730784362,-0.09952058011577461
GMMTV OFFICIALï¿½ï¿½,-0.4548764107125811,0.3285941159007209,Entertainment,GMMTV OFFICIALï¿½ï¿½,1.4033318030731061,Thailand,Entertainment,9.0,0.5109932676088429,0.6290895314940859,0.2009739119280225,49.3,-0.9702421860018955,0.75,0,0,0.5850608104556407,0.8438254824885256,-0.5212359453348658,0.6044250562706138,-1.0981786604416175,-0.09952058011577461
Matt Stonie,-0.4684854607734934,-0.2323855610683817,Entertainment,MattStonie,-0.8854581382262436,United States,Entertainment,1874.0,-1.5273299790266808,-1.2220224421497836,0.2009739119280225,88.2,0.27904907064799506,14.7,1,0,0.5850608104556407,-0.5056642961326352,0.6496273536884762,-1.0111073238402084,0.5373702730784362,-0.09568338061056969
Boyce Avenue,-0.4684854607734934,0.03815849381022462,Music,Boyce Avenue,-0.060904170585660146,United States,Music,139.0,0.08053173522044284,0.2376866468121776,0.2009739119280225,88.2,0.27904907064799506,14.7,1,0,1.2518826963701453,0.14770305268700407,0.26388776577481377,0.2667110721457095,0.5373702730784362,-0.09568338061056969
Camila Cabello,-0.4684854607734934,0.040435204464312716,Music,Camila Cabello,-0.7396464288547764,United States,Music,139.0,0.1727587498516599,0.3215965132666689,-0.08453979833044896,88.2,0.27904907064799506,14.7,0,0,-0.5263089994018667,0.15320664192002084,0.7070262215465641,0.332217262857654,0.5373702730784362,-0.41127943264004446
Little Mix,-0.4684854607734934,0.09621566763433971,Music,Little Mix,-0.27380547423795304,United Kingdom,Music,22.0,0.14915370681422213,0.3001356557938533,0.2009739119280225,60.0,-1.003205685454774,3.85,1,0,0.3627868484841392,0.28806841268018574,0.43467672929717327,0.323342635432138,0.5987927827115396,-0.09568338061056969
SAM SMITH,-0.4684854607734934,0.22725708382487023,Music,SAM SMITH,-0.34491694580864024,United Kingdom,Entertainment,22.0,0.335868993020699,0.46988863968937505,0.2009739119280225,60.0,-1.003205685454774,3.85,1,0,0.14051288651263774,0.6050301811380291,0.5544833945896184,0.46523755402602796,0.5987927827115396,-0.09568338061056969
Pitbull,-0.4684854607734934,0.31595031611450836,Music,Pitbull,-0.18519347596761448,United States,Music,139.0,0.3418604140858999,0.4753330777334639,0.2009739119280225,88.2,0.27904907064799506,14.7,1,0,1.4741566583416468,0.8196508053399428,0.5005457788620069,0.4696744664819736,0.5373702730784362,-0.09568338061056969
Bollywood Classics,-0.4684854607734934,0.07380312554330261,Entertainment,Bollywood Classics,0.3456720409052376,India,Music,93.0,0.46885838043707057,0.5907910010856541,0.3679892441104192,28.1,1.428108284192824,5.36,0,0,0.3627868484841392,0.23387628521324147,0.020414632328617725,0.5720336644409829,-1.9332780935697111,0.21800573499443934
Technoblade,-0.4684854607734934,-0.5605415177894709,Gaming,Technoblade,0.2032338300941413,United States,Games,138.0,-0.030006366349804945,0.1373594877648782,0.2009739119280225,88.2,0.27904907064799506,14.7,0,0,-0.08176107545886376,-1.295438454003021,-0.2435759785572151,0.17671726125986956,0.5373702730784362,-0.09568338061056969
W2S,-0.4684854607734934,-0.10155716008873404,Gaming,W2S,0.046494473816535944,United Kingdom,Entertainment,22.0,-0.4422196437302256,-0.23770856332466755,0.2009739119280225,60.0,-1.003205685454774,3.85,1,0,0.14051288651263774,-0.18988545060646644,0.11578080329007494,-0.14922933901617855,0.5987927827115396,-0.09568338061056969
Jennifer Lopez,-0.48217825935659536,0.22968229753750471,Music,Jennifer Lopez,-0.3018229631471893,United States,Music,140.0,0.2653246402731031,0.40579598555867497,0.2009739119280225,88.2,0.27904907064799506,14.7,1,0,1.6964306203131483,0.617361208497289,0.5278375267909973,0.40733002499897264,0.5373702730784362,-0.09179909714146987
Kids Play,-0.48217825935659536,0.1280096092058296,Entertainment,Kids Play,0.010825447924271158,United States,Entertainment,140.0,0.05592553369806585,0.21530800663031036,0.2009739119280225,88.2,0.27904907064799506,14.7,1,0,-1.1931308853163711,0.3714151301971754,0.26783587231985984,0.23760149375946268,0.5373702730784362,-0.09179909714146987
T3ddy,-0.48217825935659536,-0.3041378229364887,Comedy,T3ddy,0.4548770338229579,Brazil,People,31.0,0.11257944995439671,0.266973373695409,-0.08453979833044896,51.3,-0.0710351183317133,12.08,0,0,0.14051288651263774,-0.6722348071581807,-0.26257387838810275,0.29137607141029376,0.7303521859778146,-0.4093254122516836
JJ Olatunji,-0.48217825935659536,-0.16958855471439674,Gaming,JJ Olatunji,0.3043904500549607,United Kingdom,Entertainment,23.0,0.0724401491069211,0.2303582821419466,-0.08453979833044896,60.0,-1.003205685454774,3.85,0,0,0.3627868484841392,-0.34769124573683213,-0.08954046130612274,0.2525232753138675,0.5987927827115396,-0.4093254122516836
POPS Kids,-0.48217825935659536,0.20954245789805062,Music,POPS Kids,0.7238726948895516,Vietnam,Film,2.0,0.5922435174591358,0.6973107113330812,0.2009739119280225,28.5,-0.707576997218799,2.01,0,0,-0.30403503743036525,0.5686350127223857,-0.1482548558530452,0.6684536939168342,-1.8222747501745233,-0.09179909714146987
Thairath Online,-0.48217825935659536,0.3831305869692206,News & Politics,Thairath Online,2.2789781969662912,Thailand,News,10.0,0.5611351800803657,0.6746750174193477,-0.08453979833044896,49.3,-0.9702421860018955,0.75,0,0,0.5850608104556407,0.9887194117839964,-1.0573904268501324,0.6444363484659189,-1.0981786604416175,-0.4093254122516836
LEGO,-0.48217825935659536,0.5320144818722072,Entertainment,LEGO,1.5111319320112822,Singapore,Entertainment,1.0,0.4088791364058625,0.5362516502987796,0.2009739119280225,84.8,-2.986076819109592,4.11,0,0,1.6964306203131483,1.3491727261536746,-0.47676810892699734,0.5228954962756008,1.4404824340173474,-0.09179909714146987
XO TEAM,-0.48217825935659536,0.3896666292326358,People & Blogs,XO TEAM Family,-0.41851422067949956,United States,People,1776.0,-1.4705232497901852,-1.170372726634676,-1.9810579255556808,88.2,0.27904907064799506,14.7,0,0,-1.6376788092593741,1.0045408408826846,0.6935627257397193,-0.9646109303462744,0.5373702730784362,-0.7256011929094498
AdMe,-0.48217825935659536,-0.12779660373010487,Entertainment,Aday Cï¿½ï¿½ï¿½ï¿½ï,-1.4916715514283938,Spain,Music,4228.0,-3.5597304068902273,-2.235620548067013,0.2009739119280225,88.9,-1.2855454083931885,13.96,1,0,1.4741566583416468,-0.24679837336573465,1.1195129666464372,-2.3083119955584337,0.4398562426781722,-0.09179909714146987
ExtraPolinesios,-0.48217825935659536,-0.09750160841536067,People & Blogs,Extra polinesios,-1.9810615219516157,Unknown,People,-1.0,-2.47767670491128,-2.0062684651344074,-4.541342433853443,68.0,0.27904907064799506,9.02,0,1,-0.5263089994018667,-0.17363905947673958,1.528910028719713,-1.7590127290237079,0.5373702730784362,-0.7288025430966114
Dyland PROS,-0.4959558436051198,-0.5985351841564681,Entertainment,Dyland PROS,0.595643741419144,Indonesia,Games,21.0,-0.1758216143109704,0.004865798307513605,0.2009739119280225,36.3,0.12229127653497812,4.69,1,0,-0.5263089994018667,-1.3737217768339989,-0.5190677980195877,0.06136987092885213,-0.8211663914313476,-0.08786685773932217
Live,-0.4959558436051198,-9.775571997308072,Entertainment,Live,-2.3948665529838955,Unknown,Entertainment,-1.0,0.26768662202931587,-2.2398305342958547,0.2009739119280225,68.0,0.27904907064799506,9.02,1,1,-0.5263089994018667,-6.167125373049025,-3.737549627379587,-2.338923974921691,0.5373702730784362,-0.08786685773932217
Vlad and Niki ARA,-0.4959558436051198,0.08917738511546175,Entertainment,Vlad and Niki ARA,-0.045865783174902156,United States,Entertainment,141.0,0.10535729339922499,0.26027045430805396,-0.08453979833044896,88.2,0.27904907064799506,14.7,0,0,-1.4154048472878726,0.28400856202816643,0.2827879251367754,0.27902023064039677,0.5373702730784362,-0.40734719323789675
Canal IN,-0.4959558436051198,-0.35047572275657196,People & Blogs,Canal IN,0.08537132035235181,Brazil,Entertainment,32.0,-0.09138108527532528,0.08146395729313433,0.2009739119280225,51.3,-0.0710351183317133,12.08,1,0,-0.9708569233448697,-0.7774130261000379,-0.049218549906195765,0.12817689262876847,0.7303521859778146,-0.08786685773932217
TWICE,-0.4959558436051198,-0.07616786018681188,Music,TWICE,0.2510487895085955,Unknown,Music,-1.0,0.3687321520085438,0.4997820042828288,-0.08453979833044896,68.0,0.27904907064799506,9.02,0,1,-0.7485829613733682,-0.11561693014755207,-0.0025180319757655465,0.49044492601635603,0.5373702730784362,-0.40734719323789675
Daily Dose Of Internet,-0.4959558436051198,0.05712897487568847,Entertainment,Daily Dose Of Internet,0.05729758391498595,United States,Entertainment,140.0,0.6958306524175603,0.7972321610625426,0.3679892441104192,88.2,0.27904907064799506,14.7,0,0,-0.5263089994018667,0.20652012048293006,0.19789986855536104,0.7508374447025982,0.5373702730784362,0.22965945737089177
FitDance,-0.4959558436051198,0.07285299304208127,Music,Fitdance Academy,-0.9870300411083163,France,Entertainment,3726.0,-2.3784720422598893,-1.9451080168165114,-4.163911116216208,65.6,-1.000492116215705,8.43,0,0,1.4741566583416468,0.24453692159950893,0.8882027858316516,-1.6761503293057367,0.44727013810658445,-0.7287928495181507
Panda Shorts,-0.4959558436051198,0.07464783471249038,Entertainment,Panda Shorts,0.0550488514362028,Sweden,Sports,2.0,0.7378629427088127,0.8337670505397957,1.3164508656212675,67.0,-2.5110190453841486,6.48,0,0,-1.6376788092593741,0.24887660597592726,0.20919661181377508,0.7845579074123538,0.807619104702186,8.141928416595453
Disney Junior,-0.4959558436051198,0.418825640086779,Entertainment,Disney Junior,0.7334901085463871,United States,Entertainment,140.0,0.6015283488943288,0.7175733843469979,0.3679892441104192,88.2,0.27904907064799506,14.7,0,0,1.0296087343986438,1.0816345910864475,-0.03694275597809574,0.6758248935835615,0.5373702730784362,0.22965945737089177
La Rosa de Guadalupe,-0.4959558436051198,0.20410896610666718,Entertainment,larosadeguadalupe,-2.3948665529838955,Mexico,Games,4258.0,0.26768662202931587,-2.2398305342958547,0.2009739119280225,40.2,-0.4922656323482104,3.42,1,0,1.0296087343986438,0.5619927009710329,-3.737549627379587,-2.338923974921691,0.48494866610172105,-0.08786685773932217
sagar kalra (Shorts),-0.5098192700483678,0.035829713863015276,People & Blogs,sagar kalra (Shorts),-0.09041444826250977,Unknown,People,-1.0,0.30152433494817366,0.438639679847319,0.2009739119280225,68.0,0.27904907064799506,9.02,0,1,-0.9708569233448697,0.1615671582892119,0.28172147788819196,0.4413880753779558,0.5373702730784362,-0.0838857687697676
wifistudy,-0.5098192700483678,-0.30011385974217725,Education,wifistudy by Unacademy,1.6963499181508297,India,Education,94.0,-0.08330437845370083,0.08865837103923269,0.2009739119280225,28.1,1.428108284192824,5.36,1,0,-0.30403503743036525,-0.6495371338138558,-1.0639973155161617,0.1345571371202614,-1.9332780935697111,-0.0838857687697676
Antrax,-0.5098192700483678,-0.29841411425095477,Gaming,Antrax,0.06616061804583014,Mexico,Games,23.0,-0.34340638167004717,-0.14751849277206633,0.2009739119280225,40.2,-0.4922656323482104,3.42,1,0,-0.5263089994018667,-0.6454397927254514,-0.007527320520907417,-0.07115109484679266,0.48494866610172105,-0.0838857687697676
Enes Batur,-0.5098192700483678,0.21056396483847453,Gaming,enesbatur,-2.3948665529838955,Unknown,Games,-1.0,0.26768662202931587,-2.2398305342958547,-3.8032948755456966,68.0,0.27904907064799506,9.02,0,1,1.2518826963701453,0.584152872842909,-3.737549627379587,-2.338923974921691,0.5373702730784362,-0.7287700559314334
Totoy kids - Espaï¿½ï,-0.5098192700483678,-0.0019945396361281498,Film & Animation,Totoy kids - Espaï¿½ï,-0.19382793019576966,Mexico,Film,23.0,0.3990670754840747,0.5273612862046283,0.2009739119280225,40.2,-0.4922656323482104,3.42,0,0,-0.9708569233448697,0.07014061500971877,0.3275847638313583,0.5162366174935129,0.48494866610172105,-0.0838857687697676
ýýýýýýýýýý,-0.5237696150879558,-0.5136676957834145,People & Blogs,Kung Fu Padla,-2.3948665529838955,Russia,Games,3309.0,0.26768662202931587,-2.2398305342958547,-3.839135921978038,81.9,-0.3826849838307849,4.59,0,0,-0.9708569233448697,-1.1569871729986414,-3.737549627379587,-2.338923974921691,0.13207419293207687,-0.7287730965714178
DopeLyrics,-0.5237696150879558,0.21828359814288312,Music,DopeLyrics,0.4748209232420979,United States,Music,142.0,-0.1687336838031223,0.011390870688947575,0.2009739119280225,88.2,0.27904907064799506,14.7,1,0,-0.7485829613733682,0.6094145539737074,0.017915568117551725,0.06700928656256036,0.5373702730784362,-0.07985491425615172
jeffreestar,-0.5237696150879558,-0.36327558039519536,Howto & Style,jeffreestar,-0.10738405545921292,United States,Howto,142.0,-0.5424197183563004,-0.3291496685521254,0.2009739119280225,88.2,0.27904907064799506,14.7,1,0,1.4741566583416468,-0.7951741527158591,0.06858254019266592,-0.22847152576237748,0.5373702730784362,-0.07985491425615172
Lyna,-0.5237696150879558,0.035212103578784945,Gaming,Lyna,0.8061609390832887,Argentina,Games,12.0,0.26768662202931587,0.4078798732850122,0.2009739119280225,90.0,-1.3229934936160224,9.79,0,0,-0.30403503743036525,0.16665346394135938,-0.29943780971424905,0.41367099073738545,1.028132831912405,-0.07985491425615172
MK MUSIC,-0.5237696150879558,0.18368443700325157,Music,MK MUSIC,0.8211345781071384,Brazil,Music,33.0,0.444319455283971,0.5685047035192069,-0.08453979833044896,51.3,-0.0710351183317133,12.08,0,0,0.5850608104556407,0.5257089167335898,-0.22574592763027976,0.5504265151402904,0.7303521859778146,-0.40331633872428085
Unspeakable,-0.5237696150879558,0.17670975673112135,Gaming,Unspeakable,0.1215546687653473,United States,People,142.0,0.4887072634998654,0.6088444498414576,0.2009739119280225,88.2,0.27904907064799506,14.7,0,0,-0.7485829613733682,0.5088364608218314,0.22341092213573982,0.5865688950154324,0.5373702730784362,-0.07985491425615172
Camilo,-0.5237696150879558,0.05266446895438758,Music,Camilo,-0.5528599655500013,Colombia,Music,8.0,0.25185412556630454,0.39355559587376404,-0.08453979833044896,55.3,-1.2315578190260055,9.71,0,0,0.5850608104556407,0.20884543168149805,0.5918049558871666,0.40134955120426163,0.46760705376012723,-0.40331633872428085
Dear Sir,-0.5378079754992806,-0.6495755301722675,Education,Dear Sir,0.035372345080403385,India,Education,95.0,0.0385446618475786,0.1995530054548778,0.2009739119280225,28.1,1.428108284192824,5.36,0,0,-0.7485829613733682,-1.4764762969069418,-0.18478991803499165,0.2385056570517063,-1.9332780935697111,-0.07577335517688163
Narendra Modi,-0.5378079754992806,-0.24928715226181553,News & Politics,Narendra Modi,1.3479902264045878,India,News,96.0,0.5168338453427755,0.6344141408957207,0.7170007726980412,28.1,1.428108284192824,5.36,0,0,1.2518826963701453,-0.5138104403637145,-0.8099652326311043,0.6086000159760864,-1.9332780935697111,1.5217493264418727
Arif muhammad,-0.5378079754992806,-0.1647238823991779,People & Blogs,Arif muhammad,-0.022987461127019507,Indonesia,Comedy,22.0,0.2944983308503173,0.4323017403107695,-0.08453979833044896,36.3,0.12229127653497812,4.69,0,0,-0.9708569233448697,-0.309750330208018,0.1253539734484422,0.4304832633008981,-0.8211663914313476,-0.40126276420285906
Rotten Tomatoes Trailers,-0.5378079754992806,0.3376868987113791,Film & Animation,Rotten Tomatoes Trailers,1.0906057302911858,United States,Film,143.0,0.054349860046653355,0.21407318051117652,-0.08453979833044896,88.2,0.27904907064799506,14.7,0,0,0.3627868484841392,0.9049922870215907,-0.31369867605678137,0.23768387331743626,0.5373702730784362,-0.40126276420285906
Volga Video,-0.5519354689489753,0.21061286809030963,Film & Animation,Volga Video,1.2714021929215438,India,Entertainment,97.0,0.21571659119311812,0.36070976234987906,0.2009739119280225,28.1,1.428108284192824,5.36,1,0,0.14051288651263774,0.6041504905564418,-0.5020991370208461,0.37397914460682163,-1.9332780935697111,-0.07164012873609842
DM - Desi Melodies,-0.5519354689489753,-0.008082632772943918,Music,DM - Desi Melodies,-0.7443255147584434,India,Music,97.0,0.4534891005532177,0.5768339162163875,0.3679892441104192,28.1,1.428108284192824,5.36,0,0,-0.9708569233448697,0.075285045073799,0.682844094697997,0.5588466113867978,-1.9332780935697111,0.2538492802898789
MY FAMILY,-0.5519354689489753,0.009144908644520085,Entertainment,My Family,-0.5050500453897018,Singapore,People,1203.0,-0.7197774471921955,-0.48738637981685634,-2.0728706110622497,84.8,-2.986076819109592,4.11,0,0,-1.4154048472878726,0.11692444796721428,0.5361973608767843,-0.3687264880858911,1.4404824340173474,-0.7261604449201002
Team Films Bhojpuri,-0.5519354689489753,0.04129690361648961,Music,Team Films Bhojpuri,1.329780376279931,India,Music,97.0,0.09591292300912227,0.25179938697197896,0.2009739119280225,28.1,1.428108284192824,5.36,1,0,-0.30403503743036525,0.19464775661498224,-0.6349793822500309,0.27952013238002493,-1.9332780935697111,-0.07164012873609842
Zee Music Classic,-0.5519354689489753,-0.03503454665212614,Music,Zee Music Classic,0.39358207091262554,India,Music,97.0,0.3376939533899222,0.471555105466991,-0.08453979833044896,28.1,1.428108284192824,5.36,0,0,-0.30403503743036525,0.010150431873296777,-0.07174214135048851,0.4651412682862034,-1.9332780935697111,-0.3991831122834977
Prime Video India,-0.5519354689489753,0.15930650033025093,Entertainment,Prime Video India,0.9448340256832312,United States,Entertainment,144.0,0.6545496801111375,0.7530886115224619,0.9390197539400041,88.2,0.27904907064799506,14.7,0,0,-0.7485829613733682,0.4800302842249482,-0.31951721049286974,0.7183458938003366,0.5373702730784362,3.094913827692304
Caeli YT,-0.5661532345288794,-0.6002099813684847,Entertainment,Caeli YT,-0.06631273736124074,Mexico,Entertainment,24.0,0.26202064073620934,-2.2398305342958547,0.2009739119280225,40.2,-0.4922656323482104,3.42,1,0,0.5850608104556407,-1.3448943769815556,-0.09112810287982098,-2.338923974921691,0.48494866610172105,-0.06745424760647452
Kuplinov ï¿½ï¿½ï¿,-0.5661532345288794,0.056485920171496194,Gaming,Kuplinov ï¿½ï¿½ï¿,0.9191732189134875,Unknown,Games,-1.0,0.36858997353772405,0.4996204360784909,0.2009739119280225,68.0,0.27904907064799506,9.02,0,1,0.14051288651263774,0.23807655725184507,-0.3606519712868691,0.4904533254107719,0.5373702730784362,-0.06745424760647452
Linus Tech Tips,-0.5661532345288794,0.07565675557489283,Science & Technology,Linus Tech Tips,0.9145389100866432,Canada,Tech,7.0,0.3424443076834984,0.47587595525531073,-0.08453979833044896,68.9,-1.4797768836856011,5.56,0,0,1.0296087343986438,0.28443047096937335,-0.346885060949096,0.469641570944372,0.5548046918848967,-0.39707688307323513
Juliana Baltar,-0.5661532345288794,-0.19223629065088277,Entertainment,Juliana Baltar,0.4718492189011709,Brazil,Entertainment,34.0,0.23705721327162255,0.38009505065146876,-0.08453979833044896,51.3,-0.0710351183317133,12.08,0,0,0.5850608104556407,-0.36281205940127,-0.21071829163396363,0.3880314249457941,0.7303521859778146,-0.39707688307323513
5-Minute Crafts FAMILY,-0.5661532345288794,0.010009078249344694,People & Blogs,5-Minute Crafts FAMILY,0.7516635112828399,United States,Howto,145.0,0.06882984705020807,0.2270830725355658,0.2009739119280225,88.2,0.27904907064799506,14.7,1,0,-1.1931308853163711,0.12571806873509497,-0.27831029799958223,0.25272079881752785,0.5373702730784362,-0.06745424760647452
Blippi Espaï¿½ï,-0.5804624333071876,0.1734231038935297,People & Blogs,Blippi Espaï¿½ï,0.013982730211392175,Mexico,Education,24.0,0.34713646295861106,0.48011073407490046,-0.08453979833044896,40.2,-0.4922656323482104,3.42,0,0,-0.9708569233448697,0.5276420835487853,0.2912942004533919,0.4740395556914736,0.48494866610172105,-0.3949435638199081
Super Senya,-0.5804624333071876,-0.07484807110092632,Entertainment,Super Senya,-2.3948665529838955,Unknown,Entertainment,-1.0,0.26768662202931587,-2.2398305342958547,0.2009739119280225,68.0,0.27904907064799506,9.02,1,1,-0.9708569233448697,-0.07260026364894885,-3.737549627379587,-2.338923974921691,0.5373702730784362,-0.06321469914288488
Katakit Baby TV,-0.5804624333071876,0.025263160272253657,Music,Katakit Baby TV,-0.3615861070433579,Saudi Arabia,Music,4.0,0.34946828215572234,0.4822846041910892,0.2009739119280225,68.0,-1.5413900068076587,5.93,0,0,0.5850608104556407,0.16934045838153483,0.4518758753824357,0.4784519307358569,0.6200564387211577,-0.06321469914288488
Infobells Bangla,-0.5804624333071876,0.11077295254007456,Education,Infobells Bangla,-0.17779735894970927,India,Education,98.0,0.492913977784609,0.6126774329530978,0.3679892441104192,28.1,1.428108284192824,5.36,0,0,-0.7485829613733682,0.3761022203281194,0.38051223687489394,0.5912787194562737,-1.9332780935697111,0.2664079363238758
ýýýýýýýý ýý ýýýýýýýý,-0.5804624333071876,0.137215027504816,Shows,ýýýýýýýý ýý ýýýýýýýý,0.21521612308092344,Saudi Arabia,Film,4.0,0.4419896600201465,0.5663507138108873,0.3679892441104192,68.0,-1.5413900068076587,5.93,0,0,-0.9708569233448697,0.44005606129110914,0.14053819409518434,0.5505509720010571,0.6200564387211577,0.2664079363238758
Henrique e Juliano,-0.5804624333071876,0.38478711651069925,Music,Henrique e Juliano,-0.2151646916655657,Brazil,Music,35.0,0.4869748705297127,0.6072592253240198,0.2009739119280225,51.3,-0.0710351183317133,12.08,1,0,0.8073347724271422,1.0391452599015132,0.5586630529939672,0.5866612809936944,0.7303521859778146,-0.06321469914288488
Mr DegrEE,-0.5804624333071876,0.32980760833380224,Science & Technology,MrDegree,-2.3948665529838955,United States,Entertainment,5048.0,0.26768662202931587,-2.2398305342958547,-3.839135921978038,88.2,0.27904907064799506,14.7,0,0,-0.7485829613733682,0.9060629568375183,-3.737549627379587,-2.338923974921691,0.5373702730784362,-0.7287722539606227
Kashvi Adlakha,-0.5804624333071876,0.32416824171381375,Entertainment,Kashvi Adlakha,0.36621539326296143,India,Entertainment,99.0,0.4489626658085295,0.5727100978557852,0.2009739119280225,28.1,1.428108284192824,5.36,0,0,-0.9708569233448697,0.8924135217870206,0.14771998883139503,0.5561608069561679,-1.9332780935697111,-0.06321469914288488
Talking Tom & Friends,-0.5804624333071876,0.025927288145427895,Entertainment,Talking Tom & Friends,-0.12153263232614782,United States,Film,146.0,0.0687700549092257,0.2270830725355658,0.2009739119280225,88.2,0.27904907064799506,14.7,1,0,0.5850608104556407,0.1709459564233672,0.2963481884470376,0.25272079881752785,0.5373702730784362,-0.06321469914288488
ýýýýýýýý ýýýýýýýýýýýýýý ýýýý 5 ýýýýýýýýýý,-0.5804624333071876,-0.12672003138483265,Howto & Style,ýýýýýýýý ýýýýýýýýýýýýýý ýýýý 5 ýýýýýýýýýý,0.8268450086801769,Egypt,Howto,1.0,0.11187713556085976,0.26632865524707944,-0.08453979833044896,35.2,-0.6754360178350515,10.76,0,0,-0.9708569233448697,-0.1978956187122072,-0.40377369817569847,0.29141303314990397,-1.5081084586159947,-0.3949435638199081
Harsh Beniwal,-0.594864248897414,-0.5290156855189061,Comedy,Harsh Beniwal,-0.46937719953596047,India,Comedy,100.0,0.07374004955456478,0.23169236824056133,-0.08453979833044896,28.1,1.428108284192824,5.36,0,0,-0.5263089994018667,-1.1605377779388666,0.21071602593071997,0.2524472485296942,-1.9332780935697111,-0.39278262849598744
FFUNTV,-0.594864248897414,0.28111695116829444,Gaming,FFUNTV,-0.15743231442367397,United Arab Emirates,Entertainment,6.0,0.3200628160844259,0.455534993142874,0.2009739119280225,36.8,-2.5523985512383427,2.35,0,0,-1.1931308853163711,0.7950198709414596,0.46296435676678827,0.45107864236841516,0.7603035088114829,-0.05892044456563722
Mobile Legends: Bang Bang,-0.594864248897414,-0.5911696863130942,Gaming,Mobile Legends: Bang Bang,0.39518537585698416,United States,Games,147.0,0.23349853943657348,0.3768565123285861,-0.08453979833044896,88.2,0.27904907064799506,14.7,0,0,-0.7485829613733682,-1.309769434153433,-0.38511994451151144,0.3882212974765382,0.5373702730784362,-0.39278262849598744
Roman Atwood Vlogs,-0.594864248897414,-0.042037766103847476,People & Blogs,Roman Atwood Vlogs,0.41930880847038426,United States,People,147.0,-0.5978025972508637,-0.379930286984663,0.2009739119280225,88.2,0.27904907064799506,14.7,1,0,-0.08176107545886376,0.013465730174729872,-0.09233723252935591,-0.27216389736725105,0.5373702730784362,-0.05892044456563722
Mrwhosetheboss,-0.594864248897414,-0.20746446843381264,Science & Technology,Mrwhosetheboss,0.37883667826479855,United Kingdom,Tech,24.0,0.4926477725474376,0.6124240395494873,0.4864886519553722,60.0,-1.003205685454774,3.85,0,0,0.3627868484841392,-0.38604617518132706,-0.15903296737638212,0.5888426099788461,0.5987927827115396,0.6024310555781466
Genierock,-0.594864248897414,0.3831404108258085,Music,Genierock,0.41260377427381767,Thailand,Music,11.0,0.3276000217562421,0.4623840757270038,-0.08453979833044896,49.3,-0.9702421860018955,0.75,0,0,1.0296087343986438,1.0419606118951292,0.15079600848893593,0.46080006932343376,-1.0981786604416175,-0.39278262849598744
zayn,-0.594864248897414,-0.08887896699509432,Music,zayn,-1.2305896451725682,United States,Music,147.0,0.13789807093882248,0.2899832572548075,-0.08453979833044896,88.2,0.27904907064799506,14.7,0,0,-0.7485829613733682,-0.09970879714653895,0.9604850075562549,0.31326684813574346,0.5373702730784362,-0.39278262849598744
Kerajinan 5-Menit,-0.594864248897414,-0.1031943970541204,People & Blogs,Kerajinan 5-Menit,0.7463929325280516,Indonesia,Howto,23.0,-0.007698184037174032,0.1576757391790297,0.2009739119280225,36.3,0.12229127653497812,4.69,1,0,-1.1931308853163711,-0.13428933312068547,-0.3384759053171502,0.19435531718861868,-0.8211663914313476,-0.05892044456563722
FC Barcelona,-0.609359888045904,-0.35549839596691835,Sports,FC Barcelona,1.1098375569176777,Spain,Sports,11.0,0.33337201537537897,0.46764616872687137,0.2009739119280225,88.9,-1.2855454083931885,13.96,0,0,1.4741566583416468,-0.7362119604265912,-0.7154576053128614,0.46536746031245935,0.4398562426781722,-0.05457041811187636
Dave and Ava - Nursery Rhymes and Baby Songs,-0.609359888045904,0.24987218455832516,Education,Dave and Ava - Nursery Rhymes and Baby Songs,0.14668999151158993,United States,Education,148.0,0.3107830619390253,0.4470827478209198,0.2009739119280225,88.2,0.27904907064799506,14.7,1,0,-0.30403503743036525,0.7262521614388597,0.24821172964961583,0.44630481724468907,0.5373702730784362,-0.05457041811187636
LOKESH GAMER,-0.609359888045904,-0.564854059569664,Gaming,LOKESH GAMER,0.3332170941012009,India,Games,101.0,-0.2893380892138604,-0.09827941809017726,0.2009739119280225,28.1,1.428108284192824,5.36,1,0,-0.9708569233448697,-1.2398201202688672,-0.33020390707489344,-0.028382050433771438,-1.9332780935697111,-0.05457041811187636
ILYA BORZOV,-0.609359888045904,0.21726377225995375,People & Blogs,ILYA BORZOV,0.4998693811503749,Russia,People,8.0,0.7364104028404943,0.8337670505397957,0.7720039068700575,81.9,-0.3826849838307849,4.59,0,0,-1.8599527712308757,0.6473486879331314,0.0011220351211467857,0.782837425250303,0.13207419293207687,1.9171370830037635
Mazhavil Manorama,-0.609359888045904,0.4385218430741952,Entertainment,Mazhavil Manorama,1.8928818489424217,India,Entertainment,100.0,0.6722653131620209,0.7688437588688432,0.3679892441104192,28.1,1.428108284192824,5.36,0,0,0.3627868484841392,1.1828810552669977,-0.7763744560628552,0.7324891255129473,-1.9332780935697111,0.2792917658184738
Pokï¿½ï¿½ï¿½ï¿½ï¿½ï¿½ï¿½ï¿½ï¿½,-0.623950581238626,-0.846243467897119,People & Blogs,Pokï¿½ï¿½ï¿½ï¿½ï¿½ï¿½ï¿½ï¿½ï¿½,-0.40873025315241956,India,Film,100.0,0.27236524011373386,0.412150012926902,0.971990294161869,28.1,1.428108284192824,5.36,0,0,-0.9708569233448697,-1.9061067123297526,-0.006921585334534522,0.4134291255759613,-1.9332780935697111,3.5316283513668285
The MriDul,-0.623950581238626,-0.12632910205054898,Comedy,The MriDul,-0.6347915012135685,India,Comedy,102.0,0.36780406474665983,0.4989188848318611,0.2009739119280225,28.1,1.428108284192824,5.36,0,0,-0.5263089994018667,-0.17646123831342592,0.5447585143199684,0.4904953166620175,-1.9332780935697111,-0.05016352615370745
Niana Guerrero,-0.623950581238626,-0.6060904597761767,Entertainment,Niana Guerrero,-0.0988036941907322,Philippines,Entertainment,6.0,-0.16720556669130127,0.012459174523302531,0.2009739119280225,35.5,-0.6156814037179327,2.15,1,0,-0.08176107545886376,-1.331952204619691,-0.07335489459089509,0.06820744840519449,-1.2805927858517596,-0.05016352615370745
SRK MUSIC,-0.623950581238626,0.02563059103709079,Music,SRK MUSIC,0.8175024694749867,India,Music,102.0,0.24358365377573912,0.38596851114704417,0.2009739119280225,28.1,1.428108284192824,5.36,0,0,0.14051288651263774,0.19073956562883385,-0.31216150547543603,0.39486668062192565,-1.9332780935697111,-0.05016352615370745
Sony LIV,-0.623950581238626,0.07440192169207945,Entertainment,Sony LIV,1.1136231322135675,India,Entertainment,102.0,0.5462643555893478,0.6611528660880186,0.3679892441104192,28.1,1.428108284192824,5.36,0,0,-0.30403503743036525,0.3086626624454962,-0.47646582373858654,0.6320015739917878,-1.9332780935697111,0.28585959310056336
T-Series Hamaar Bhojpuri,-0.623950581238626,0.09877165544933056,Entertainment,T-Series Hamaar Bhojpuri,1.0691187873170889,India,Music,101.0,0.38532309927577985,0.5148476813107986,0.2009739119280225,28.1,1.428108284192824,5.36,0,0,0.3627868484841392,0.36759642425522543,-0.4339702247810221,0.505687059463723,-1.9332780935697111,-0.05016352615370745
Oyuncak Avï¿,-0.623950581238626,0.14078534199885223,Entertainment,Oyuncak Avï¿,0.04764634496322224,Turkey,Entertainment,5.0,-0.3573011010256398,-0.16033575884286572,0.2009739119280225,23.9,-0.8245184453388444,13.49,1,0,-0.30403503743036525,0.4692142500068655,0.2511397700387998,-0.08214500401700396,0.18577386160534803,-0.05016352615370745
CNN,-0.623950581238626,0.3720915037064638,News & Politics,CNN,2.1195969180120104,United States,News,148.0,0.5181342720337658,0.6355826511047027,-0.08453979833044896,88.2,0.27904907064799506,14.7,0,0,1.6964306203131483,1.0289507564583915,-0.9604286535693389,0.6107359786024772,0.5373702730784362,-0.3883757365378186
NDTV India,-0.623950581238626,0.041139958247711814,News & Politics,NDTV India,1.9089936824129674,India,News,101.0,0.20805930456691668,0.3536559078767065,-0.08453979833044896,28.1,1.428108284192824,5.36,0,0,1.0296087343986438,0.22823606819105072,-1.0099809077363817,0.36632593050402007,-1.9332780935697111,-0.3883757365378186
It's Mamix,-0.6386375833279222,-0.5300291119589348,People & Blogs,It's Mamix,-0.37902725840591533,United States,People,150.0,-0.05705637041015082,0.11257841850464202,0.2009739119280225,88.2,0.27904907064799506,14.7,1,0,-0.9708569233448697,-1.1424536861283259,0.15135130766531962,0.15529936000210362,0.5373702730784362,-0.045698646281504884
Kim Loaiza,-0.6386375833279222,-0.5819802310147946,Music,Kim Loaiza,-1.2858095401374752,Unknown,Music,-1.0,0.05719463109794708,0.2165357019248968,-0.08453979833044896,68.0,0.27904907064799506,9.02,0,1,-1.4154048472878726,-1.2672214657300314,0.7211289349060473,0.2533121067665374,0.5373702730784362,-0.38612865749394465
Daftar Populer,-0.6386375833279222,-0.4487201355372012,Education,Daftar Populer,0.710951766082914,Indonesia,Entertainment,24.0,-0.039488380830816294,0.12859458518599987,-0.08453979833044896,36.3,0.12229127653497812,4.69,0,0,-0.9708569233448697,-0.9469313648387606,-0.5095860160437106,0.16921493284062075,-0.8211663914313476,-0.38612865749394465
Musas,-0.6386375833279222,-0.3995749456444275,Howto & Style,Jordi Sala,-0.4832436085026178,Andorra,People,504.0,-2.8917166179502147,-2.177609747833772,0.2009739119280225,64.28,-6.415169241528165,1.55,1,0,1.4741566583416468,-0.8286251330083391,0.29244392046006296,-2.0511341172823054,0.8110461697232257,-0.045698646281504884
Ranz Kyle,-0.6386375833279222,-0.5341872963838096,People & Blogs,Ranz Kyle,-0.029282787134505404,Philippines,Entertainment,7.0,-0.11688453162277151,0.05829335450214509,0.2009739119280225,35.5,-0.6156814037179327,2.15,1,0,1.0296087343986438,-1.1524449760962665,-0.07806365824349427,0.10799764126746292,-1.2805927858517596,-0.045698646281504884
PowerfulJRE,-0.6386375833279222,-0.29409025779247844,People & Blogs,PowerfulJRE,0.22106729427897565,United States,People,149.0,0.17658801831386495,0.32505343695481653,0.2009739119280225,88.2,0.27904907064799506,14.7,0,0,-0.08176107545886376,-0.5744222030624161,-0.105484691957647,0.3416456754375475,0.5373702730784362,-0.045698646281504884
Mariale,-0.6386375833279222,-0.338667845929778,Howto & Style,Mariale,0.5696663660734627,United States,Entertainment,150.0,-0.12495874661719296,0.05086386100984592,0.2009739119280225,88.2,0.27904907064799506,14.7,1,0,0.5850608104556407,-0.681889330659955,-0.35629939972341884,0.10161184264477065,0.5373702730784362,-0.045698646281504884
Makiman131,-0.6386375833279222,-0.15294435849993243,Gaming,Makiman131,0.6205732449682386,Spain,Entertainment,12.0,-0.2872928841363863,-0.0964929502259354,0.2009739119280225,88.9,-1.2855454083931885,13.96,1,0,-0.08176107545886376,-0.23381580938271507,-0.2849546128798432,-0.026792115107436964,0.4398562426781722,-0.045698646281504884
Hongyu ASMR ï¿½ï¿½,-0.6386375833279222,-0.08377242147050917,People & Blogs,Hongyu ASMR ï¿½ï¿½ï,-2.1337846467280697,Unknown,People,-1.0,0.26768662202931587,-2.2398305342958547,0.2009739119280225,68.0,0.27904907064799506,9.02,1,1,-1.8599527712308757,-0.06674087697555789,1.7056106865447995,-2.338923974921691,0.5373702730784362,-0.045698646281504884
Mohamed Ramadan I ï¿½ï¿½ï¿½ï¿½ï¿½ï¿½ï,-0.6386375833279222,-0.05363613706576764,People & Blogs,Mohamed Ramadan I ï¿½ï¿½ï¿½ï¿½ï¿½ï¿½ï,0.1006641476314553,Egypt,Entertainment,2.0,0.1904507879030703,0.33765365501888617,-0.08453979833044896,35.2,-0.6754360178350515,10.76,0,0,-0.30403503743036525,0.006075042847480037,0.10758207861066708,0.35008817602800496,-1.5081084586159947,-0.38612865749394465
EdisonPts,-0.6386375833279222,0.04403597311345432,Gaming,EdisonPts,0.7032635095007174,Russia,Games,10.0,0.3612291412995044,0.4929437455866323,-0.08453979833044896,81.9,-0.3826849838307849,4.59,0,0,-0.08176107545886376,0.24216592519000918,-0.22786430863036566,0.4866002281781705,0.13207419293207687,-0.38612865749394465
BIGBANG,-0.6386375833279222,0.11525254710929321,Music,BIGBANG,0.11198206788509053,South Korea,Music,13.0,0.16212666990068852,0.31191981158869003,0.2009739119280225,94.3,-1.2099295806788581,4.15,1,0,1.6964306203131483,0.4143865307086386,0.19509892137109452,0.33277958750970765,0.4843914540842102,-0.045698646281504884
Rubï¿½ï¿½ï¿½ï¿½ï¿½ï¿½,-0.6386375833279222,0.19661047449451055,Comedy,Rubï¿½ï¿½ï¿½ï¿½ï¿½ï¿½,0.1764306982982501,Argentina,Comedy,13.0,0.7538308013155078,0.844671863774154,0.7170007726980412,90.0,-1.3229934936160224,9.79,0,0,-0.7485829613733682,0.6111976086242009,0.19902664597121122,0.7969753549764838,1.028132831912405,1.6237503674310112
ABS-CBN News,-0.6386375833279222,0.2406680800852116,News & Politics,ABS-CBN News,2.2202092020302655,Philippines,News,7.0,0.5113308263496079,0.6294116261371004,-0.08453979833044896,35.5,-0.6156814037179327,2.15,0,0,0.8073347724271422,0.7178015917780537,-1.0993607459510097,0.6044069138651424,-1.2805927858517596,-0.38612865749394465
Chapitosiki,-0.6386375833279222,0.362813980671132,Entertainment,Chapitosiki,0.5836419229306832,Russia,Entertainment,9.0,0.8312853647922811,0.9236652609153718,0.7170007726980412,81.9,-0.3826849838307849,4.59,0,0,-1.6376788092593741,1.0134287768662082,0.028621067618093642,0.8578283998098281,0.13207419293207687,1.6237503674310112
AdeleVEVO,-0.6386375833279222,0.3137930527085687,Music,AdeleVEVO,-0.8994101618248005,United Kingdom,Music,25.0,0.33304938721478733,0.4673328352426866,-0.08453979833044896,60.0,-1.003205685454774,3.85,0,0,0.8073347724271422,0.8947720557526531,0.9655762362465076,0.4653818887135441,0.5987927827115396,-0.38612865749394465
MoreAliA,-0.6534221741802089,-0.141177811813315,Gaming,MoreAliA,0.5248163211340672,United Kingdom,Games,25.0,0.5869574385435294,0.6973107113330812,0.6535043273957786,60.0,-1.003205685454774,3.85,0,0,-0.08176107545886376,-0.19843597232581678,-0.2163423104027044,0.6638607144938424,0.5987927827115396,1.3073528984303793
Chetan Monga Vlogs,-0.6534221741802089,0.21662088111538466,People & Blogs,Chetan Monga Vlogs,0.16733414799661517,India,People,104.0,0.4015074826443931,0.5295721820408535,0.4864886519553722,28.1,1.428108284192824,5.36,0,0,-0.30403503743036525,0.666592960350665,0.21615937395953283,0.5197287082941707,-1.9332780935697111,0.6374675952457582
Little Angel - Mï¿½ï¿½ï¿½ï¿½ï¿½ï¿½ï¿½ï¿½ï¿½ï¿½,-0.6534221741802089,0.1692289819278647,Entertainment,Little Angel - Mï¿½ï¿½ï¿½ï¿½ï¿½ï¿½ï¿½ï¿½ï¿½ï¿½ï¿½,0.12108177281946203,Brazil,Education,36.0,0.45940835382783196,0.5821986075738393,0.2009739119280225,51.3,-0.0710351183317133,12.08,1,0,-1.1931308853163711,0.5519305331712412,0.2195160049793148,0.5642533753222274,0.7303521859778146,-0.041174626350792616
League of Legends,-0.6534221741802089,0.07489133213939643,Gaming,League of Legends,0.3236670316419383,United States,Games,151.0,0.17509636004117077,0.3237020556837001,0.2009739119280225,88.2,0.27904907064799506,14.7,1,0,0.8073347724271422,0.3237502594350015,0.035279092822558124,0.34172077458117767,0.5373702730784362,-0.041174626350792616
TheRichest,-0.6534221741802089,-0.3435157600937655,Education,Therichest,-2.3948665529838955,United States,Games,7692.0,0.26768662202931587,-2.2398305342958547,0.2009739119280225,88.2,0.27904907064799506,14.7,1,0,1.4741566583416468,-0.6866216363777405,-3.737549627379587,-2.338923974921691,0.5373702730784362,-0.041174626350792616
XpressTV,-0.6534221741802089,-0.17687864761550398,Entertainment,XpressTV,0.0858912121828834,Mexico,Entertainment,26.0,0.1186277366289868,0.2723759485142491,-0.08453979833044896,40.2,-0.4922656323482104,3.42,0,0,-0.30403503743036525,-0.28464073094174824,0.04794097185317496,0.29105542653545197,0.48494866610172105,-0.3838517166071063
PlayStation,-0.6534221741802089,-0.10401629413892202,Gaming,PlayStation,1.3408746935826965,United States,Games,151.0,0.1676934745386086,0.31706766770735506,-0.08453979833044896,88.2,0.27904907064799506,14.7,0,0,1.6964306203131483,-0.10867833520647661,-0.7237719963063536,0.33248384029772166,0.5373702730784362,-0.3838517166071063
Kwebbelkop,-0.6534221741802089,0.05817630842866224,Gaming,Kwebbelkop,0.8279333121573826,United States,Film,151.0,0.08802247842229095,0.24459206628132454,-0.08453979833044896,88.2,0.27904907064799506,14.7,0,0,1.0296087343986438,0.2833308061363872,-0.30063588362408944,0.26631642100845504,0.5373702730784362,-0.3838517166071063
Republic Bharat,-0.6534221741802089,0.09712965670389712,News & Politics,Gyani Beast,-0.38623631236564016,India,News,2573.0,-2.3209005030075858,-1.8976682875302455,0.2009739119280225,28.1,1.428108284192824,5.36,1,0,-1.1931308853163711,0.3775309129003049,0.5082681735095624,-1.6308148063399064,-1.9332780935697111,-0.041174626350792616
THE BROWN SIBLINGS,-0.6534221741802089,0.15740161232643585,Entertainment,THE BROWN SIBLINGS,0.19399013744537952,India,Entertainment,103.0,0.3771930019378593,0.5074482682250534,0.2009739119280225,28.1,1.428108284192824,5.36,0,0,-0.7485829613733682,0.5233179775054833,0.16562823610550112,0.4982209516560225,-1.9332780935697111,-0.041174626350792616
Sony Music South,-0.6534221741802089,0.2190039898587123,Music,Sony Music South,0.5848870862842093,India,Music,103.0,0.5786013626279808,0.6905500557960682,0.3679892441104192,28.1,1.428108284192824,5.36,0,0,-0.30403503743036525,0.6723592942551274,-0.05295250035578992,0.6576127194793209,-1.9332780935697111,0.29925538486164704
BigSchool,-0.6534221741802089,0.21976022522871044,Gaming,Big School,-0.8000413433979197,Unknown,Film,-1.0,0.26768662202931587,-2.2398305342958547,0.2009739119280225,68.0,0.27904907064799506,9.02,1,1,-1.6376788092593741,0.6741891433387857,0.8473619803959469,-2.338923974921691,0.5373702730784362,-0.041174626350792616
Ray William Johnson,-0.6534221741802089,0.23021651496172235,Entertainment,Ray William Johnson,0.429252151313666,United States,Comedy,151.0,0.6384806047404602,0.7530886115224619,0.2009739119280225,88.2,0.27904907064799506,14.7,0,0,1.0296087343986438,0.6994905249652159,0.05412801146501528,0.7051660831275188,0.5373702730784362,-0.041174626350792616
KOMPASTV,-0.6534221741802089,0.2927813332755913,News & Politics,KOMPASTV,2.3144035901832036,Indonesia,News,25.0,0.40045909652210604,0.5286341841009411,-0.08453979833044896,36.3,0.12229127653497812,4.69,0,0,-0.08176107545886376,0.8508983037815407,-1.1310612291360422,0.5161635405354441,-0.8211663914313476,-0.3838517166071063
ISSEI / ï¿½ï¿½ï¿½ï¿½,-0.6534221741802089,0.35221964767444786,Comedy,ISSEI / ï¿½ï¿½ï¿½ï¿½,0.42610717141079874,Japan,Comedy,5.0,0.6145043394371449,0.7175733843469979,0.8205201172558382,63.2,-0.49090786718951257,2.29,0,0,-0.30403503743036525,0.9947656060720133,0.12468483164287088,0.6871010884409624,1.014482286745622,2.2962473821215625
Zï¿½ï¿½ï¿½ï¿½ï¿½ï¿½ï,-0.6534221741802089,0.2808515835023859,Music,Zï¿½ï¿½ï¿½ï¿½ï¿½ï¿½ï,-0.19822053474701068,Brazil,Music,36.0,0.5129052315672474,0.6308405124177474,0.2009739119280225,51.3,-0.0710351183317133,12.08,1,0,0.14051288651263774,0.8220258749264464,0.4892898161110578,0.606578118720311,0.7303521859778146,-0.041174626350792616
A2 Motivation by Arvind Arora,-0.6534221741802089,0.17090076485405278,Entertainment,A2 Motivation by Arvind Arora,0.6414669188521871,India,Entertainment,104.0,0.4344126857664298,0.559470211772598,0.2009739119280225,28.1,1.428108284192824,5.36,0,0,-0.9708569233448697,0.5559749864343091,-0.11660326747930908,0.5447844299072139,-1.9332780935697111,-0.041174626350792616
50 Cent,-0.6683056593451866,0.22291313711251465,Music,50 Cent,-0.11973472165034081,United States,Music,152.0,0.41401591116860903,0.540916410964246,-0.08453979833044896,88.2,0.27904907064799506,14.7,0,0,1.2518826963701453,0.6888443493842961,0.405813914433938,0.5295474398935667,0.5373702730784362,-0.3815443146341478
MNCTV OFFICIAL,-0.6683056593451866,0.12707270625315167,Entertainment,MNCTV OFFICIAL,1.78716730667342,Indonesia,Entertainment,26.0,0.17751281315034695,0.3259089557553239,-0.08453979833044896,36.3,0.12229127653497812,4.69,0,0,0.14051288651263774,0.4569766324250099,-0.882864923315161,0.34159872298282523,-0.8211663914313476,-0.3815443146341478
ERB,-0.6683056593451866,-0.17422312381450336,Entertainment,ERB,-0.7127305831891367,United States,Entertainment,152.0,-0.14353575593326892,0.03421766938875933,0.2009739119280225,88.2,0.27904907064799506,14.7,1,0,1.4741566583416468,-0.27121891589729413,0.5688368133711692,0.08695111541542924,0.5373702730784362,-0.03659028349099585
melanie martinez,-0.6683056593451866,-0.13693412793652088,Music,melanie martinez,-0.5672932091931167,United States,Music,152.0,0.23763887188361638,0.3805671725709232,-0.08453979833044896,88.2,0.27904907064799506,14.7,0,0,1.2518826963701453,-0.1811746439548456,0.4947359170638048,0.3880021964783889,0.5373702730784362,-0.3815443146341478
iTownGamePlay *Terror&Diversiï¿½ï,-0.6683056593451866,-0.08294306022547478,Entertainment,iTownGamePlay *Terror&Diversiï¿½ï,1.0095829828827103,Spain,Games,13.0,-0.09045102203356234,0.08223283159532449,-0.08453979833044896,88.9,-1.2855454083931885,13.96,0,0,0.14051288651263774,-0.05075297005096212,-0.4974858583602381,0.12891984458037323,0.4398562426781722,-0.3815443146341478
ýýýýýýýýýýýý8 : Thai Ch8,-0.6683056593451866,-0.035681801752911996,Entertainment,ýýýýýýýýýýýý8 : Thai Ch8,1.4613921939333492,Thailand,Entertainment,12.0,0.20755961385441804,0.3532272861878733,-0.08453979833044896,49.3,-0.9702421860018955,0.75,0,0,0.3627868484841392,0.06345206641060067,-0.7634038565467649,0.366350577963153,-1.0981786604416175,-0.3815443146341478
ZutiGang,-0.6683056593451866,0.42159815415298146,People & Blogs,ZutiGang,0.3239432777646405,Unknown,People,-1.0,0.6624687508867048,0.7688437588688432,0.4864886519553722,68.0,0.27904907064799506,9.02,0,1,-1.8599527712308757,1.1697499254968258,0.2298194705237909,0.7243708726557995,0.5373702730784362,0.6465168179777575
ýýýýýý,-0.6683056593451866,-4.135548635669099,People & Blogs,ýýýýýý,-2.1337846467280697,Russia,News,10.0,-1.843367729034182,-1.5030242405974967,0.2009739119280225,81.9,-0.3826849838307849,4.59,1,0,1.0296087343986438,-6.136572500483464,-0.5699695416113957,-1.2570883894601688,0.13207419293207687,-0.03659028349099585
TazerCraft,-0.6683056593451866,-0.005001812124649478,Gaming,TazerCraft,0.7454020728664451,Brazil,Games,37.0,0.1561420657983478,0.30651062277271257,-0.08453979833044896,51.3,-0.0710351183317133,12.08,0,0,0.3627868484841392,0.13760715926296582,-0.28268699922117746,0.3229794686558456,0.7303521859778146,-0.3815443146341478
Bayashi TV,-0.6683056593451866,0.15524371777759413,Entertainment,ýýýýýýýýýýýýýýýýýýBAYASHITV,-0.6835820008647153,Japan,Autos,3508.0,-2.108449958038633,-1.730044336449643,-3.8783953464122565,63.2,-0.49090786718951257,2.29,0,0,0.14051288651263774,0.5251221368514285,0.7347957741300714,-1.464591199608299,1.014482286745622,-0.7287743894700552
Fueled By Ramen,-0.6832893707476971,0.3455648071520791,Music,Fueled By Ramen,0.2791299315783441,United States,Entertainment,153.0,0.2569334076239862,0.39812018778605457,0.2009739119280225,88.2,0.27904907064799506,14.7,1,0,1.4741566583416468,0.9927615125984307,0.2161460676493808,0.4010842039028179,0.5373702730784362,-0.03194440307427184
CrashCourse,-0.6832893707476971,-0.5164547855544704,Education,CrashCourse,0.35519525274767627,United States,Education,153.0,-0.2443095403393674,-0.05758515363372752,0.2009739119280225,88.2,0.27904907064799506,14.7,1,0,1.4741566583416468,-1.0888921781274725,-0.3172573119004443,0.007249169118523478,0.5373702730784362,-0.03194440307427184
MattyBRaps,-0.6832893707476971,-0.22507033985789235,Music,MattyBRaps,-0.40680359129729643,United States,Music,153.0,0.02784319352527341,0.18983138710937988,0.2009739119280225,88.2,0.27904907064799506,14.7,1,0,0.5850608104556407,-0.38690203214831026,0.34069146896772945,0.22192622089983544,0.5373702730784362,-0.03194440307427184
Lachlan,-0.6832893707476971,-0.05821356476874143,Gaming,Lachlan,0.7133163769652727,Australia,Games,7.0,0.007572423827971047,0.17148036944814976,0.2009739119280225,113.1,-1.7711271269463045,5.27,1,0,-0.08176107545886376,0.016064553465484112,-0.2917988208473812,0.20418732873750325,0.6568344723792388,-0.03194440307427184
ýýýýýýýý ýýýýýýýý,-0.6832893707476971,0.06621161865900903,Howto & Style,ýýýýýýýý ýýýýýýýý,0.5348868038517419,Ukraine,Howto,3.0,0.19575682899545918,0.34255950044571154,0.2009739119280225,82.7,-1.332979482288736,8.88,1,0,-0.5263089994018667,0.3168515409694813,-0.10638826664636113,0.3585737892669698,-0.13122409722153205,-0.03194440307427184
Meghan Trainor,-0.6832893707476971,0.15693762468293712,People & Blogs,Meghan Trainor,-0.3400567290664641,United States,Music,153.0,0.21721569811309693,0.36205171981560147,0.2009739119280225,88.2,0.27904907064799506,14.7,1,0,1.0296087343986438,0.5362917212978104,0.5118307520483342,0.37390029466170754,0.5373702730784362,-0.03194440307427184
Jorge & Mateus Oficial,-0.6832893707476971,0.17787229706725136,Music,Jorge & Mateus Oficial,-0.22334061266591487,Brazil,Music,38.0,0.34216846693584435,0.4756348474841509,0.2009739119280225,51.3,-0.0710351183317133,12.08,1,0,1.0296087343986438,0.5869384428336364,0.44776292335258,0.4696556697483514,0.7303521859778146,-0.03194440307427184
Major Lazer Official,-0.6832893707476971,0.1923022400633081,Music,MajorLazerOfficial,-2.3948665529838955,Unknown,Entertainment,-1.0,0.26768662202931587,-2.2398305342958547,0.2009739119280225,68.0,0.27904907064799506,9.02,1,1,-0.08176107545886376,0.6218507645135535,-3.737549627379587,-2.338923974921691,0.5373702730784362,-0.03194440307427184
Beast Philanthropy,-0.6832893707476971,-1.3437173817187111,People & Blogs,Beast Philanthropy,-1.0557035651942717,Germany,Games,2600.0,-1.470696031388922,-1.170372726634676,-1.456017110688879,70.2,-0.8273898965682721,3.04,0,0,-0.5263089994018667,-3.0464671838981303,0.13826335093932465,-0.9646109303462744,0.27566805919181475,-0.7162493542635449
Filaretiki,-0.6832893707476971,0.41817172716106477,Entertainment,Filaretiki,0.5079183775241306,United States,People,152.0,0.9534487783305302,1.0307941416417943,1.082491424534144,88.2,0.27904907064799506,14.7,0,0,-1.8599527712308757,1.1685316784519215,0.10874478748442694,0.9547100744445167,0.5373702730784362,4.91612081744228
5-Minute Crafts Recycle,-0.6832893707476971,0.16768000029215488,People & Blogs,5-Minute Crafts Recycle,0.7165436670858701,United States,Howto,153.0,0.22406961766052488,0.3682378833934796,0.2009739119280225,88.2,0.27904907064799506,14.7,1,0,-1.4154048472878726,0.5622799692579056,-0.16702080427182733,0.3812751729781353,0.5373702730784362,-0.03194440307427184
ýýýýýýýýýý ýýýýýýýýýýýý,-0.698374667402996,-0.43128185762398297,Entertainment,ýýýýýýýýýý ýýýýýýýýýýýý,0.3299699914794652,Saudi Arabia,Entertainment,5.0,-0.47345811947337496,-0.2653551142924103,0.2009739119280225,68.0,-1.5413900068076587,5.93,1,0,-0.7485829613733682,-0.876907890568022,-0.25308317185237694,-0.17404026042467252,0.6200564387211577,-0.02723573764253414
Maha Fun Tv,-0.698374667402996,-0.6586484615007329,Entertainment,Maha Fun Tv,-0.7170851007216467,United States,Entertainment,154.0,-0.3393108310195909,-0.14415294271535534,0.2009739119280225,88.2,0.27904907064799506,14.7,1,0,-0.9708569233448697,-1.4231595261475234,0.2996227812272566,-0.06785607739755614,0.5373702730784362,-0.02723573764253414
Canal Nostalgia,-0.698374667402996,-0.6016474411861475,Entertainment,Canal Nostalgia TV,-0.014754093500233365,Spain,Entertainment,1549.0,-1.0525856076417133,-0.7920122472262334,-2.1911989820161026,88.9,-1.2855454083931885,13.96,0,0,0.5850608104556407,-1.2864532199774579,-0.12537223711435097,-0.6314058614028072,0.4398562426781722,-0.7266867954558462
The Slow Mo Guys,-0.698374667402996,-0.3878978544808102,Entertainment,The Slow Mo Guys,-0.22452322453669524,United States,Education,154.0,-0.016904456824846495,0.14916532855456519,0.2009739119280225,88.2,0.27904907064799506,14.7,1,0,0.5850608104556407,-0.7724298612242786,0.13077996548123327,0.18709393911781005,0.5373702730784362,-0.02723573764253414
StudyIQ IAS,-0.698374667402996,-0.17466962491076063,Education,StudyIQ IAS,1.6286358764794389,India,Education,106.0,0.30284993019724343,0.43985636147326374,0.2009739119280225,28.1,1.428108284192824,5.36,0,0,-0.5263089994018667,-0.25813308840223753,-0.9497161674015847,0.4413223580543185,-1.9332780935697111,-0.02723573764253414
Chad Wild Clay,-0.698374667402996,0.04943640710015395,Comedy,Chad Wild Clay,0.07213518784537526,United States,Entertainment,154.0,0.13500708498308842,0.2873675535321941,-0.08453979833044896,88.2,0.27904907064799506,14.7,0,0,1.4741566583416468,0.2834035285873,0.1839615864957311,0.30214595381169534,0.5373702730784362,-0.37683564920241003
CollegeHumor,-0.698374667402996,0.08067899337851385,Comedy,CollegeHumor,0.7599980423821487,United States,Comedy,154.0,0.2344006606452596,-2.2398305342958547,0.2009739119280225,88.2,0.27904907064799506,14.7,1,0,1.4741566583416468,0.35895548230916235,-0.2440162375784281,-2.338923974921691,0.5373702730784362,-0.02723573764253414
Netflix Jr.,-0.698374667402996,0.16847768386857934,Education,Netflix Jr.,0.46753589512023563,United States,Education,154.0,0.31780588819560784,0.45346996126433814,-0.08453979833044896,88.2,0.27904907064799506,14.7,0,0,0.14051288651263774,0.5713299206782784,-0.005338984598982928,0.4511981110222093,0.5373702730784362,-0.37683564920241003
Colors Rishtey,-0.698374667402996,0.3119870630193457,Entertainment,Colors Rishtey,1.395995863999742,India,Entertainment,105.0,0.6631087655991866,0.7688437588688432,0.4864886519553722,28.1,1.428108284192824,5.36,0,0,-0.08176107545886376,0.9186091152932664,-0.525814358791678,0.7255526689802494,-1.9332780935697111,0.6649797266167284
ABC News,-0.698374667402996,0.33253836672707854,News & Politics,ABC News,1.8614528344025116,United States,News,154.0,0.5165066611713345,0.6340995423607115,-0.08453979833044896,88.2,0.27904907064799506,14.7,0,0,1.4741566583416468,0.9683536468084432,-0.8155539961155445,0.6086177517133625,0.5373702730784362,-0.37683564920241003
Camila Loures,-0.698374667402996,-0.10921565132527622,Music,Camila Loures,0.7272005355445661,Brazil,Entertainment,39.0,0.16309321165395474,0.3128297319023513,-0.08453979833044896,51.3,-0.0710351183317133,12.08,0,0,-0.30403503743036525,-0.10005277287264593,-0.3294319305857051,0.33273032913756456,0.7303521859778146,-0.37683564920241003
Doc Tops,-0.7135629361564201,-0.36263738810740914,Entertainment,Doc Tops,-0.060904170585660146,Ecuador,Entertainment,1.0,-0.05091947986125282,0.11816035962583551,-0.08453979833044896,44.9,-2.0886634672712323,3.97,0,0,-0.30403503743036525,-0.7044276827534651,0.03879066643416412,0.16017209637677762,-0.4137267399522885,-0.3744331043385231
Auron,-0.7135629361564201,-0.256491442272866,People & Blogs,Auron,0.1924272241182087,Spain,Games,14.0,0.2544867223654762,0.39593790128402684,0.2009739119280225,88.9,-1.2855454083931885,13.96,1,0,-0.08176107545886376,-0.448471096776736,-0.06581187742482636,0.4012135232208604,0.4398562426781722,-0.022463005790674857
Jesser,-0.7135629361564201,-0.22314111289464095,Gaming,Jesser,0.2895593384426435,United States,Entertainment,155.0,0.35375033608624323,0.48616537783124303,0.4864886519553722,88.2,0.27904907064799506,14.7,0,0,0.14051288651263774,-0.3679916266684087,-0.11000965599821047,0.47822325082101114,0.5373702730784362,0.6743983388853116
Planeta das Gï¿½ï¿½,-0.7135629361564201,-0.1150365188118412,People & Blogs,Planeta das Gï¿½ï¿½,0.18849133071454643,Brazil,Entertainment,40.0,-0.15428285223474936,0.024373668548503532,0.2009739119280225,51.3,-0.0710351183317133,12.08,1,0,-0.5263089994018667,-0.10695620544503384,0.016183016484164175,0.07846060985838668,0.7303521859778146,-0.022463005790674857
PrestonPlayz,-0.7135629361564201,-0.019040928810609464,Gaming,Preston,0.7301236967209321,United States,Entertainment,78.0,0.46919778409969815,0.5911065570204359,0.2009739119280225,88.2,0.27904907064799506,14.7,0,0,0.14051288651263774,0.1250141529571007,-0.280680101014792,0.5720147512769178,0.5373702730784362,-0.022463005790674857
Martin Garrix,-0.7135629361564201,-0.0005253427599502451,Music,Martin Garrix,-0.17157140610227237,United States,Music,155.0,0.12973520336916203,0.28248687728257454,0.2009739119280225,88.2,0.27904907064799506,14.7,1,0,0.3627868484841392,0.16977233382011092,0.3139633029099664,0.3024247385264298,0.5373702730784362,-0.022463005790674857
O Reino Infantil,-0.7135629361564201,0.26843751181496084,Music,O Reino Infantil,0.27788373831115076,Brazil,Music,40.0,0.3937469225422041,0.5225309614999271,-0.08453979833044896,51.3,-0.0710351183317133,12.08,0,0,-0.30403503743036525,0.8203778665129783,0.17363671665954095,0.5128299463156125,0.7303521859778146,-0.3744331043385231
Fifth Harmony,-0.7135629361564201,0.12046395719012044,Music,Fifth Harmony,-0.8055401501287528,United States,Music,155.0,0.1431900119984215,0.2946966956336851,0.2009739119280225,88.2,0.27904907064799506,14.7,1,0,-0.08176107545886376,0.46234817566324776,0.7952066128627577,0.31299298544205395,0.5373702730784362,-0.022463005790674857
Mis Pastelitos,-0.7135629361564201,-0.34034440944169936,Howto & Style,Mis Pastelitos,0.0171137671219494,Mexico,Music,27.0,0.2127907823310348,0.3580001647932137,-0.08453979833044896,40.2,-0.4922656323482104,3.42,0,0,-0.30403503743036525,-0.6506973640957427,0.0007193835560816012,0.36607927508836957,0.48494866610172105,-0.3744331043385231
Noman Official,-0.7135629361564201,-0.03756286030875376,Comedy,Noman Official,-0.010703930052622632,India,Film,106.0,0.44895089880842304,0.5727100978557852,0.5784039938330275,28.1,1.428108284192824,5.36,0,0,-1.4154048472878726,0.0802454572233918,0.18880564899676794,0.5561637507852506,-1.9332780935697111,1.0193523700284637
LEGENDA FUNK,-0.7288555924485088,-0.3922786492346788,Music,LegendaFUNK,-2.3948665529838955,Brazil,Music,-1.0,0.26768662202931587,-2.2398305342958547,0.2009739119280225,51.3,-0.0710351183317133,12.08,1,1,-0.08176107545886376,-0.7686577362146215,-3.737549627379587,-2.338923974921691,0.7303521859778146,-0.017624891003888754
Like Nastya Stories,-0.7288555924485088,0.06166959027814402,Entertainment,Like Nastya Stories,-0.06943857747033795,United States,Entertainment,156.0,0.0897235700747584,0.24619522442969455,0.2009739119280225,88.2,0.27904907064799506,14.7,1,0,-1.4154048472878726,0.3273652889366237,0.28262764433071363,0.26623174323535675,0.5373702730784362,-0.017624891003888754
les boys tv2,-0.7288555924485088,-0.11931046839045516,Entertainment,les boys tv2,-0.09041444826250977,United States,Film,156.0,-0.8921785313268753,-0.6461800493759245,0.2009739119280225,88.2,0.27904907064799506,14.7,1,0,-0.9708569233448697,-0.11007348712546654,0.19459082620532978,-0.5045061608879519,0.5373702730784362,-0.017624891003888754
Lotus Music,-0.7288555924485088,-0.5393981465293539,Entertainment,Lotus Music,-0.04292883596416821,India,Tech,107.0,0.028392089032909174,0.1902935504357074,-0.08453979833044896,28.1,1.428108284192824,5.36,0,0,-1.8599527712308757,-1.1226714886115978,-0.07214067696499474,0.2218903430475563,-1.9332780935697111,-0.37199753441562394
IDEIAS INCRï¿½ï¿½,-0.7288555924485088,-0.22941008887275052,Howto & Style,IDEIAS INCRï¿½ï¿½,0.8443772187162771,Brazil,Howto,41.0,-0.46128045493202324,-0.25386160189514756,0.2009739119280225,51.3,-0.0710351183317133,12.08,1,0,-0.9708569233448697,-0.37592109958469183,-0.47279712578830274,-0.16437821114022044,0.7303521859778146,-0.017624891003888754
Reaction Time,-0.7288555924485088,-0.1504763689426651,Entertainment,Reaction Time,0.4108538915844636,United States,Entertainment,156.0,-0.16885164590381174,0.01085469891550292,0.2009739119280225,88.2,0.27904907064799506,14.7,1,0,-0.5263089994018667,-0.18535108056168367,-0.1477633306082785,0.06692636789149464,0.5373702730784362,-0.017624891003888754
BBC News,-0.7288555924485088,-0.11731453275743288,News & Politics,BBC News,1.3155407816450724,United Kingdom,News,26.0,0.27553782373038643,0.41505680936553213,-0.08453979833044896,60.0,-1.003205685454774,3.85,0,0,1.4741566583416468,-0.10525194294674296,-0.7148419919166252,0.41952463865592915,0.5987927827115396,-0.37199753441562394
Eli Kids - Cartoons & Songs,-0.7288555924485088,-0.09677564206059025,Entertainment,Eli Kids - Cartoons & Songs,0.018358930475475117,United States,Music,156.0,0.46538056845007175,0.5876450240962917,0.4864886519553722,88.2,0.27904907064799506,14.7,0,0,-1.1931308853163711,-0.05563253940328044,0.13670646567415898,0.5694956033296101,0.5373702730784362,0.6839451191038354
Boram Tube ToysReview [ï¿½ï¿½ï¿½ï¿½ï¿½ï¿½ï¿½ï¿½ï¿,-0.7288555924485088,-0.07967572960139277,People & Blogs,Boram Tube ToysReview [ï¿½ï¿½ï¿½ï¿½ï¿½ï¿½ï¿½ï¿½ï,0.02635368028585083,South Korea,People,14.0,-0.3307150763218554,-0.1365011914073859,0.2009739119280225,94.3,-1.2099295806788581,4.15,1,0,-0.7485829613733682,-0.014315893652173504,0.14112699960311276,-0.061105340294098955,0.4843914540842102,-0.017624891003888754
Aadishakti Films,-0.7288555924485088,0.018719175962458548,Music,Aadishakti Films,0.7971498386120132,India,Music,107.0,0.20226668045127721,0.3484545163607971,0.2009739119280225,28.1,1.428108284192824,5.36,0,0,-0.7485829613733682,0.2235107814334247,-0.3028668519401152,0.3582393321966939,-1.9332780935697111,-0.017624891003888754
Telemundo,-0.7288555924485088,0.15358172745797813,Entertainment,Telemundo,1.3200597880362672,United States,Entertainment,156.0,0.20148337532530403,0.3476852346697178,0.2009739119280225,88.2,0.27904907064799506,14.7,1,0,1.2518826963701453,0.5496791391892146,-0.5656254078909037,0.35827366333447513,0.5373702730784362,-0.017624891003888754
GMM25Thailand,-0.7288555924485088,0.19231430001302527,Entertainment,GMM25Thailand,1.7996931488437007,Thailand,Entertainment,13.0,0.18821629463477757,0.3356824735340515,-0.08453979833044896,49.3,-0.9702421860018955,0.75,0,0,0.3627868484841392,0.6433889440743026,-0.8543315104537937,0.3502047536666791,-1.0981786604416175,-0.37199753441562394
TV9 Bharatvarsh,-0.7288555924485088,0.23290789287349892,People & Blogs,TV9 Bharatvarsh,2.3471861818416904,India,News,106.0,0.7065023408489608,0.8101207876260659,0.7170007726980412,28.1,1.428108284192824,5.36,0,0,-1.1931308853163711,0.7416151476285746,-1.185905474373265,0.7588800377789711,-1.9332780935697111,1.7188376736194118
Maroon5VEVO,-0.7288555924485088,0.5217456869862219,Music,Maroon5VEVO,-0.512608725223012,United States,Music,156.0,0.367461332637262,0.49859430947684064,0.2009739119280225,88.2,0.27904907064799506,14.7,1,0,0.8073347724271422,1.44084181936558,0.8290123884117623,0.49051211049343973,0.5373702730784362,-0.017624891003888754
Saad Lamjarred | ï¿½ï¿½ï¿½ï¿½ï¿½ï¿,-0.7288555924485088,-0.14487789220518169,Music,Saad Lamjarred | ï¿½ï¿½ï¿½ï¿½ï¿½ï¿,-0.44520986080164376,Morocco,Music,1.0,0.14284797060630847,0.2944139882201295,0.2009739119280225,35.9,-1.4815521679889845,9.02,1,0,0.14051288651263774,-0.1718299271931926,0.4107229772882291,0.3130149093868031,-0.5033566976050612,-0.017624891003888754
Hear This Music,-0.7288555924485088,0.1837996376397852,Music,Hear This Music,-1.005407421014269,Unknown,Music,4.0,0.20103736451797802,0.34735468846882134,-0.08453979833044896,68.0,0.27904907064799506,9.02,0,0,-0.7485829613733682,0.6227873745592245,0.9627058255867601,0.3582994075063982,0.5373702730784362,-0.37199753441562394
Lilly Singh,-0.7288555924485088,-0.23361353960048056,Comedy,Lilly Singh,0.23073959220208876,Canada,Comedy,8.0,-0.3139337942217694,-0.12097699680067502,0.2009739119280225,68.9,-1.4797768836856011,5.56,1,0,0.5850608104556407,-0.38606577411151227,-0.07778597339307446,-0.04783760087719039,0.5548046918848967,-0.017624891003888754
ýýýýýýýýýýýýýýýýýýýýý,-0.7442540811065605,-1.001259212199986,Entertainment,ýýýýýýýýýýýýýýýýýýýýý,-0.17260194456022607,South Korea,Entertainment,14.0,-0.6315979094729847,-0.40879642812210604,0.3679892441104192,94.3,-1.2099295806788581,4.15,0,0,-0.9708569233448697,-2.2184186742309557,-0.24740520780176228,-0.29920962589242683,0.4843914540842102,0.34165260296485445
Gyan Gamingï¿½,-0.7442540811065605,-0.4326195235099545,Gaming,Gyan Gamingï¿½,0.6315922328430854,India,Games,107.0,-0.08987791842704733,0.0829989352232235,-0.08453979833044896,28.1,1.428108284192824,5.36,0,0,-0.9708569233448697,-0.8585785481720589,-0.44916169418432805,0.12936418741702052,-1.9332780935697111,-0.36952825378151505
Drawblogs,-0.7442540811065605,-0.5675826494539817,Entertainment,Drawblogs,-0.1381121015562934,Peru,Entertainment,1.0,-0.7047521969766747,-0.47648435760392854,0.2009739119280225,70.7,-1.5838215329350969,3.31,1,0,-0.30403503743036525,-1.1831720838568933,-0.026224320381267707,-0.35687232709151445,0.31289230355889003,-0.012720040446880675
NOBRU,-0.7442540811065605,-1.233167151298298,Gaming,nobru,-1.9810615219516157,Unknown,People,-1.0,-3.6791920276263568,-2.2377151202531764,-4.541342433853443,68.0,0.27904907064799506,9.02,0,1,1.4741566583416468,-2.7631418380613493,0.8910914731135121,-2.3229853662832576,0.5373702730784362,-0.7288021425149195
ýýýýýýýýýýýý ýýýýýýýýýýýý I ýýýýýý ýý ýýýýýýýýýý,-0.7442540811065605,-0.3067166923561607,Entertainment,ýýýýýýýýýýýý ýýýýýýýýýýýý I ýýýýýý ýý ýýýýýýýýý,-0.1554550837866504,Saudi Arabia,Entertainment,6.0,-0.34465416946297583,-0.1486522875621347,0.2009739119280225,68.0,-1.5413900068076587,5.93,1,0,-0.9708569233448697,-0.5551812574078109,0.13153893876047085,-0.07211597535229533,0.6200564387211577,-0.012720040446880675
Cyprien,-0.7442540811065605,-0.29041038678138154,Comedy,Cyprien,-0.35819273660182344,France,Comedy,2.0,-0.13574664872440037,0.041312631293234786,0.2009739119280225,65.6,-1.000492116215705,8.43,1,0,1.2518826963701453,-0.5158529153810847,0.2723792593723002,0.09306360871800119,0.44727013810658445,-0.012720040446880675
Rclbeauty101,-0.7442540811065605,-0.18878845911536987,Comedy,Rclbeauty101,-0.08220798919811427,United States,Entertainment,157.0,-0.2010318932317748,-0.018455261373852783,0.2009739119280225,88.2,0.27904907064799506,14.7,1,0,0.5850608104556407,-0.27061104136204017,0.15024685211470495,0.041446090885200335,0.5373702730784362,-0.012720040446880675
Coke Studio,-0.7442540811065605,-0.17397150627207716,Music,Rohail Hyatt,-0.09291166119798482,United States,Music,962.0,-0.40847072053097777,-0.20717281696701462,-1.0329655855177475,88.2,0.27904907064799506,14.7,0,0,1.0296087343986438,-0.23483473934987079,0.1655117511846065,-0.12267400397135392,0.5373702730784362,-0.6927659054962143
Indore Physical Academy,-0.7442540811065605,-0.16118006702452375,People & Blogs,Indore Physical Academy,0.436489900772313,India,People,107.0,0.28969535508726285,0.4278934994391565,0.2009739119280225,28.1,1.428108284192824,5.36,0,0,-0.30403503743036525,-0.2039456472168108,-0.17037750351858885,0.43073863959728687,-1.9332780935697111,-0.012720040446880675
Rosanna Pansino,-0.7442540811065605,-0.11742388808659526,Howto & Style,Rosanna Pansino,0.29076755622736805,United States,Howto,157.0,0.06278241668008569,0.22157613102597465,0.2009739119280225,88.2,0.27904907064799506,14.7,1,0,0.5850608104556407,-0.09825889956145663,-0.051418869256793266,0.25303943029771936,0.5373702730784362,-0.012720040446880675
Harry Styles,-0.7442540811065605,-0.024908587864293508,People & Blogs,harrystyles,-2.3948665529838955,United States,Games,7574.0,0.26768662202931587,-2.2398305342958547,0.2009739119280225,88.2,0.27904907064799506,14.7,1,0,-0.08176107545886376,0.1253042384570686,-3.737549627379587,-2.338923974921691,0.5373702730784362,-0.012720040446880675
Vlad and Niki PRT,-0.7442540811065605,0.035806678960338435,Entertainment,Vlad and Niki PRT,-0.04146890556503909,United States,Entertainment,157.0,0.15798100148601077,0.308240678231228,0.2009739119280225,88.2,0.27904907064799506,14.7,1,0,-1.1931308853163711,0.2720898033607381,0.24996207953934682,0.3228755756054698,0.5373702730784362,-0.012720040446880675
RS 1313 SHORTS,-0.7442540811065605,0.12371114644035625,Entertainment,RS 1313 SHORTS,0.8578649149280284,India,Entertainment,108.0,0.5481747876823366,0.6629096695493378,0.2009739119280225,28.1,1.428108284192824,5.36,0,0,-1.6376788092593741,0.4846865746123388,-0.28320722565912326,0.6338443489925003,-1.9332780935697111,-0.012720040446880675
Zig & Sharko,-0.7442540811065605,0.17534501392385773,Film & Animation,Zig & Sharko,0.1990252771328909,Unknown,Film,-1.0,0.26253601404241744,0.40326805429281154,-0.08453979833044896,68.0,0.27904907064799506,9.02,0,1,-0.5263089994018667,0.6096000848511894,0.17244326426425277,0.4074747848510041,0.5373702730784362,-0.36952825378151505
SelenaGomezVEVO,-0.7442540811065605,0.2777124308401024,Music,SelenaGomezVEVO,-0.42450896108490216,United States,Music,157.0,0.3435892755497578,0.47689762361185756,0.2009739119280225,88.2,0.27904907064799506,14.7,1,0,0.8073347724271422,0.8573165484727844,0.6345873106494476,0.4742230383071545,0.5373702730784362,-0.012720040446880675
ZEE5,-0.7442540811065605,0.4873452271263143,Entertainment,ZEE5,1.9468541635633039,India,Entertainment,108.0,0.46625332102789085,0.5884270236468582,-0.08453979833044896,28.1,1.428108284192824,5.36,0,0,-1.1931308853163711,1.3648156960068767,-0.7838888952916605,0.5694490332124478,-1.9332780935697111,-0.36952825378151505
Super Polina,-0.7597598771638088,-0.10081704950779515,People & Blogs,Super Polina,-0.00011169403335993174,United States,Entertainment,158.0,-0.911585345296985,-0.6583248334451977,-0.08453979833044896,88.2,0.27904907064799506,14.7,0,0,-0.30403503743036525,-0.05082977909747302,0.14641240873401362,-0.5196893301741488,0.5373702730784362,-0.3670245576713611
Rebecca Zamolo,-0.7597598771638088,0.025410459275486717,Comedy,RebeccaZamolo,-2.1337846467280697,United States,Entertainment,6342.0,0.26768662202931587,-2.2398305342958547,0.2009739119280225,88.2,0.27904907064799506,14.7,1,0,0.3627868484841392,0.2542667917010192,1.7669305599889618,-2.338923974921691,0.5373702730784362,-0.007747063702617778
Wish 107.5,-0.775374486707325,0.001675352251178431,Music,Wish 107.5,0.4334050221739323,Philippines,Music,8.0,0.26242034064914926,0.40309845196296207,0.2009739119280225,35.5,-0.6156814037179327,2.15,1,0,-0.30403503743036525,0.20424600442486648,-0.07691597178452515,0.40748136215293185,-1.2805927858517596,-0.002704531458156626
Invento na Hora,-0.775374486707325,-0.1734814779607099,Film & Animation,Invento na Hora,0.3005901846566365,Brazil,Entertainment,43.0,-0.01627684293389605,0.14972478824559501,0.2009739119280225,51.3,-0.0710351183317133,12.08,1,0,-0.30403503743036525,-0.2189903992388518,-0.0892651245233747,0.18756972357137086,0.7303521859778146,-0.002704531458156626
SIS vs BRO,-0.775374486707325,0.06347629698436266,Entertainment,SiS,-0.8464583433903775,Ukraine,Entertainment,2460.0,-2.845522047091041,-2.1652818101058653,-3.839135921978038,82.7,-1.332979482288736,8.88,0,0,-0.7485829613733682,0.3536822272595031,0.79010386868189,-2.01767396325813,-0.13122409722153205,-0.7287691876288485
NikkieTutorials,-0.775374486707325,-0.5297247412810686,Howto & Style,NikkieTutorials,0.1575832195091967,Netherlands,Entertainment,2.0,0.13239250743339048,0.2848672617807296,0.2009739119280225,85.0,-2.090558286450771,3.2,1,0,1.0296087343986438,-1.0776045374841488,-0.19668857078753002,0.3022853986972434,1.0222118367333923,-0.002704531458156626
TommyInnit,-0.775374486707325,-0.4607029109462542,Gaming,TommyInnit,-0.1960178292214737,United Kingdom,Games,27.0,0.22890052610931633,0.3726887724365691,0.2009739119280225,60.0,-1.003205685454774,3.85,0,0,-0.5263089994018667,-0.911568586826273,0.07138412528389929,0.38101732831319657,0.5987927827115396,-0.002704531458156626
E-MasterSensei,-0.775374486707325,-0.18654083540017405,Gaming,E-MasterSensei,0.3061315698182057,Mexico,Games,28.0,0.1827867949699967,0.33073267150834895,0.2009739119280225,40.2,-0.4922656323482104,3.42,0,0,-0.7485829613733682,-0.25052483514217133,-0.10018912865159509,0.3413167576675358,0.48494866610172105,-0.002704531458156626
infobells - Kannada,-0.775374486707325,0.03651714913081948,Education,infobells - Kannada,-0.10738405545921292,India,Education,110.0,0.4532350574162772,0.5766089855140597,0.3679892441104192,28.1,1.428108284192824,5.36,0,0,-0.30403503743036525,0.2884886441771289,0.29311624692871296,0.5588582166688258,-1.9332780935697111,0.3565729625105866
Crazy Frog,-0.775374486707325,0.1201392078338987,Music,CrazyFrog,-2.3948665529838955,Unknown,Games,-1.0,0.26768662202931587,-2.2398305342958547,0.2009739119280225,68.0,0.27904907064799506,9.02,1,1,1.6964306203131483,0.49073275883126644,-3.737549627379587,-2.338923974921691,0.5373702730784362,-0.002704531458156626
The Dodo,-0.775374486707325,0.2183676339115234,Pets & Animals,Dorukhan Gï¿½ï¿½ï,-1.567256490919336,Unknown,Entertainment,-1.0,-1.8587160255374162,-1.5167449596291265,-4.088810645349647,68.0,0.27904907064799506,9.02,0,1,1.4741566583416468,0.7283912117486336,1.3683302051803163,-1.2692025732679377,0.5373702730784362,-0.7287874676863351
SEVENGERS,-0.775374486707325,0.23016379861915018,Comedy,SEVENGERS,0.15586133504118282,India,Comedy,110.0,0.6763790749170868,0.78351145088913,0.4864886519553722,28.1,1.428108284192824,5.36,0,0,-1.1931308853163711,0.7569369139388077,0.23119979214881642,0.735862176377297,-1.9332780935697111,0.7133811758452211
Zee Bangla,-0.775374486707325,0.2779024576224088,Entertainment,Zee Bangla,2.0473200783979077,India,Entertainment,109.0,0.2519985594247874,0.3936443071081374,0.2009739119280225,28.1,1.428108284192824,5.36,0,0,1.0296087343986438,0.8724710339175149,-0.9665447227550072,0.40134275218066684,-1.9332780935697111,-0.002704531458156626
DangMattSmith,-0.775374486707325,-0.25900533918147745,Entertainment,DangMattSmith,0.41238548300638,United States,Entertainment,159.0,-0.10715052989165581,0.06712638792701243,0.2009739119280225,88.2,0.27904907064799506,14.7,1,0,0.3627868484841392,-0.4254397596550631,-0.20970784945168283,0.11570569181969005,0.5373702730784362,-0.002704531458156626
Neha Kakkar,-0.7910994477558828,-0.45107453794295965,Music,Neha Kakkar,-0.5075527892914903,India,Music,110.0,0.05313826614555641,0.2128311402473518,-0.08453979833044896,28.1,1.428108284192824,5.36,0,0,0.14051288651263774,-0.8810067732313488,0.279357247065624,0.23774975055503925,-1.9332780935697111,-0.3619110003481394
#Refugio Mental,-0.7910994477558828,-0.22418068856088982,Entertainment,#Refugio Mental,0.14447302471458198,Unknown,Entertainment,-1.0,-0.25209509746840936,-0.0643584999261273,0.2009739119280225,68.0,0.27904907064799506,9.02,1,1,-0.08176107545886376,-0.33398905900864756,-0.01659167927719275,0.0010777775422290315,0.5373702730784362,0.0024090258650650716
ýýýýýýýýýýýýýýýýýýýý ýýýýýýýýýýýýýýýýýýýý,-0.7910994477558828,-0.18657828710954427,Entertainment,ýýýýýýýýýýýýýýýýýýýý ýýýýýýýýýýýýýýýýýýýý,-0.8167846141402886,Unknown,Entertainment,-1.0,-1.6160047931898218,-1.3029736683924116,-2.812463807900978,68.0,0.27904907064799506,9.02,0,1,-0.9708569233448697,-0.2432076309648815,0.6301523828797392,-1.0773566875241913,0.5373702730784362,-0.7283197336018084
Trap City,-0.7910994477558828,-0.0698638562684184,Music,TrapCity,-1.8727027404722443,Australia,People,3671.0,-2.7674658902649094,-2.1412419079998246,-4.541342433853443,113.1,-1.7711271269463045,5.27,0,0,-0.5263089994018667,0.038739139732741325,1.4455792788399977,-1.9647929220766673,0.6568344723792388,-0.7288020658077874
Supercar Blondie,-0.7910994477558828,-0.047110698831959674,Autos & Vehicles,Supercar Blondie,0.14845421755390825,United Arab Emirates,Autos,7.0,0.6668833751836212,0.7688437588688432,0.5784039938330275,36.8,-2.5523985512383427,2.35,0,0,1.2518826963701453,0.09372996641524546,0.08027536743237389,0.7278938457552407,0.7603035088114829,1.0802759232473402
Yudist Ardhana,-0.7910994477558828,0.0008117482178892471,Entertainment,Yudist Ardhana,0.6021644543487279,Indonesia,Entertainment,27.0,0.5040314696777438,0.6227544228021165,0.4864886519553722,36.3,0.12229127653497812,4.69,0,0,-0.7485829613733682,0.20957511119749345,-0.18668184493069753,0.6002024004388749,-0.8211663914313476,0.7234677099127056
Lana Del Rey,-0.7910994477558828,0.05785552821699269,Music,Lana Del Rey,-0.9695077389167427,United States,Music,160.0,0.44290056001149936,0.567214930303299,0.2009739119280225,88.2,0.27904907064799506,14.7,0,0,0.3627868484841392,0.3475083077914536,0.8681680620104396,0.5505024134337814,0.5373702730784362,0.0024090258650650716
MalumaVEVO,-0.7910994477558828,0.4988747289397991,Music,MalumaVEVO,-0.4326533123580976,United States,Music,160.0,0.36900205319384055,0.49999723772983234,0.2009739119280225,88.2,0.27904907064799506,14.7,1,0,0.3627868484841392,1.4148646383938661,0.7640978929512832,0.4904323262094653,0.5373702730784362,0.0024090258650650716
F2Freestylers - Ultimate Soccer Skills Channel,-0.7910994477558828,-0.2639164071802287,Sports,F2Freestylers - Ultimate Soccer Skills Channï¿½,0.11246652013376603,United Kingdom,Sports,28.0,-0.16160247854172977,0.017721623776159087,0.2009739119280225,60.0,-1.003205685454774,3.85,1,0,0.3627868484841392,-0.4298873819317163,-0.01816591540928069,0.0726025090885306,0.5987927827115396,0.0024090258650650716
Bie The Ska,-0.7910994477558828,-0.11461522875998226,Entertainment,Bie The Ska,0.36989975493237326,Thailand,Entertainment,14.0,-0.11451564386047577,0.06042998639550315,-0.08453979833044896,49.3,-0.9702421860018955,0.75,0,0,1.4741566583416468,-0.06939448239951106,-0.10109820486338328,0.1098810269185893,-1.0981786604416175,-0.3619110003481394
AM3NlC,-0.8069363311690375,-0.08445468523495596,Gaming,AM3NlC,0.8663994580947051,Brazil,People,45.0,-0.1618771769214281,0.01720120208913686,0.2009739119280225,51.3,-0.0710351183317133,12.08,1,0,0.14051288651263774,0.010945654913829659,-0.4056434300522855,0.07244157794504631,0.7303521859778146,0.007595119539227913
Narins Beauty,-0.8069363311690375,-0.4345666917162183,Howto & Style,Narins Beauty,-0.10912383486375384,Sweden,Entertainment,3.0,-0.09296220194921638,0.07991781599210712,0.2009739119280225,67.0,-2.5110190453841486,6.48,1,0,-0.30403503743036525,-0.833820947529939,0.029672362440255912,0.12692197525242485,0.807619104702186,0.007595119539227913
TV Ana Emilia,-0.8069363311690375,-0.11021924769029594,People & Blogs,TV Ana Emilia,0.0459172145902599,Mexico,Entertainment,29.0,0.06365721616836256,0.22237162444605468,-0.08453979833044896,40.2,-0.4922656323482104,3.42,0,0,-0.30403503743036525,-0.05130898435417691,0.1112901709536633,0.252993945109387,0.48494866610172105,-0.359299627862891
ýýýýýýýýýýýý,-0.8069363311690375,0.10758154699974672,Gaming,ýýýýýýýýýýýý,0.5058796089664589,Russia,Games,12.0,0.4674538867639111,0.5895240726234834,0.2009739119280225,81.9,-0.3826849838307849,4.59,0,0,-0.08176107545886376,0.47525110563435286,-0.0643702697828606,0.5693860079129196,0.13207419293207687,0.007595119539227913
Luli Pampï¿½,-0.8069363311690375,0.15565096481551519,Music,Luli Pampï¿½,-0.2528014786317733,Spain,Music,15.0,0.535776065241804,0.6516177658123834,-0.08453979833044896,88.9,-1.2855454083931885,13.96,0,0,0.14051288651263774,0.5915388633883001,0.45441432053912856,0.6245815558015609,0.4398562426781722,-0.359299627862891
Gallina Pintadita,-0.8069363311690375,0.20495473324667726,Music,Gallina Pintadita,-0.8343069163318622,Mexico,Film,29.0,0.29041500104737483,0.4285718795329393,0.2009739119280225,40.2,-0.4922656323482104,3.42,1,0,0.3627868484841392,0.7108344023406246,0.8615675515550187,0.4306980351295891,0.48494866610172105,0.007595119539227913
ViralHog,-0.8069363311690375,0.4966715724806806,People & Blogs,ViralHog,1.60686178900847,United States,Animals,159.0,0.982822309854875,1.0597354764964317,0.9031787387131034,88.2,0.27904907064799506,14.7,0,0,-0.30403503743036525,1.4170113894093541,-0.5585820334559313,0.9777787523149258,0.5373702730784362,3.1979401609134297
ETV Jabardasth,-0.8069363311690375,0.3515817904297251,People & Blogs,ETV Jabardasth,1.0610124147954063,India,Comedy,111.0,0.43946142046099074,0.564055340849818,-0.08453979833044896,28.1,1.428108284192824,5.36,0,0,-0.5263089994018667,1.0657216788988475,-0.28673825427131555,0.5476239034207958,-1.9332780935697111,-0.359299627862891
Zee Telugu,-0.8069363311690375,0.3201524446546108,Entertainment,zeetelugu,-1.8727027404722443,India,Music,4651.0,-3.4498154130267253,-2.23354641105722,0.2009739119280225,28.1,1.428108284192824,5.36,1,0,1.2518826963701453,0.9896400071846893,1.6646223196922139,-2.287575844392986,-1.9332780935697111,0.007595119539227913
Crescendo com Luluca,-0.8069363311690375,-0.07287681823419476,Entertainment,Crescendo com Luluca,0.308152755963593,Brazil,People,44.0,0.28175328341594524,0.42067573169232886,-0.08453979833044896,51.3,-0.0710351183317133,12.08,0,0,-0.5263089994018667,0.03892455675805545,-0.03766180671229264,0.42526441772102647,0.7303521859778146,-0.359299627862891
Jazzghost,-0.8228867415888707,-0.026121704056209463,Gaming,Jazzghost,0.8487899253396525,Brazil,Games,46.0,0.38695037021866985,0.5163469601439691,-0.08453979833044896,51.3,-0.0710351183317133,12.08,0,0,0.14051288651263774,0.15945499887165665,-0.3614820797434822,0.5055980842420544,0.7303521859778146,-0.35665081586802894
karameeshchannel,-0.8228867415888707,0.1793113237277557,Entertainment,karameeshchannel,0.5133017520041652,Jordan,Music,3.0,0.34088845415254726,0.47448583649589443,-0.08453979833044896,34.4,-2.525543324008894,14.72,0,0,0.14051288651263774,0.6563143679730455,-0.028891287582223136,0.469726147651445,0.9875619931592705,-0.35665081586802894
Darkar Company Studios,-0.8228867415888707,-0.4286954084353821,Film & Animation,Darkar Company Studios,-0.43060065566272276,United States,Comedy,161.0,-0.34843798352676586,-0.15209040934459184,0.2009739119280225,88.2,0.27904907064799506,14.7,1,0,0.8073347724271422,-0.8121873955108987,0.2418151093701037,-0.07513056131618577,0.5373702730784362,0.012855304019338409
Dental Digest,-0.8228867415888707,0.09216206592100555,People & Blogs,Dental Digest,-0.2163218709825494,Unknown,People,-1.0,0.5681117551858448,0.6810119338258908,0.3679892441104192,68.0,0.27904907064799506,9.02,0,1,-1.6376788092593741,0.4454805506039999,0.3950687256411699,0.6494741307497928,0.5373702730784362,0.3797500514214573
T-Series Regional,-0.8228867415888707,-0.06247779849721673,Entertainment,T-Series Regional,1.2289414498610727,India,Music,111.0,0.11587820935048729,0.26985065344583825,-0.08453979833044896,28.1,1.428108284192824,5.36,0,0,0.3627868484841392,0.07157726931861984,-0.6279882836611793,0.2911911518307879,-1.9332780935697111,-0.35665081586802894
ADEL et SAMI,-0.8228867415888707,-0.04232131172688133,Entertainment,ADEL et SAMI,-0.05106119756438537,United States,Entertainment,161.0,0.06452875548638418,0.22316415239417806,0.2009739119280225,88.2,0.27904907064799506,14.7,1,0,-1.1931308853163711,0.12029598379982784,0.21230439505614443,0.2529484487320547,0.5373702730784362,0.012855304019338409
Jamuna TV,-0.8228867415888707,0.30373626386046176,News & Politics,jamuna tv24,-1.6619169783964216,Bangladesh,Entertainment,3776.0,-3.7740140504713593,-2.2398305342958547,0.2009739119280225,20.6,-0.26388842584570044,4.19,1,0,-1.8599527712308757,0.9574357162255488,1.4864125780213602,-2.3299002093069046,-1.8313586921704037,0.012855304019338409
Atlantic Records,-0.8228867415888707,0.3172749754388114,Music,Atlantic Records,0.3981449561658,United States,Music,161.0,0.3653053974765702,0.496636381777967,-0.08453979833044896,88.2,0.27904907064799506,14.7,0,0,1.4741566583416468,0.9902073180297642,0.12316857696882141,0.4906254289871221,0.5373702730784362,-0.35665081586802894
ýýýýýýýý ýý ýýýýýýýýýýýý,-0.8228867415888707,0.146907881314688,Entertainment,ýýýýýýýý ýý ýýýýýýýýýýýý,-0.05031459361047999,United States,People,161.0,0.40292193928017045,0.5308319500300526,0.2009739119280225,88.2,0.27904907064799506,14.7,0,0,-1.1931308853163711,0.5779148290701732,0.3180960859160352,0.5196534122159626,0.5373702730784362,0.012855304019338409
Veritasium,-0.8228867415888707,-0.44413740205303526,Education,Veritasium,-0.16747721827668763,United States,Education,161.0,0.18054106498502212,0.32869594998260976,0.2009739119280225,88.2,0.27904907064799506,14.7,0,0,0.5850608104556407,-0.8493737706003718,0.06216229393824422,0.3414389954193928,0.5373702730784362,0.012855304019338409
Alexa Rivera,-0.8228867415888707,-0.2756191216510887,Howto & Style,Alexa Rivera,-0.2605413722969124,Unknown,Entertainment,-1.0,0.45499776258552266,0.5781785256552227,0.3679892441104192,68.0,0.27904907064799506,9.02,0,1,0.5850608104556407,-0.4431610980775441,0.21722912509325104,0.5616454981539213,0.5373702730784362,0.3797500514214573
Airrack,-0.8389523184156388,-0.4324655282766166,Entertainment,Airrack,-0.4516486769333112,United States,Entertainment,161.0,0.3709343230872579,0.5017646481139857,0.3679892441104192,88.2,0.27904907064799506,14.7,0,0,-0.5263089994018667,-0.8137186902167429,0.25339800493679704,0.4944827256976766,0.5373702730784362,0.3876972983840926
Hacksmith Industries,-0.8389523184156388,-0.5195340043459635,Science & Technology,Hacksmith Industries,0.16227821206509338,Canada,Tech,10.0,0.3308118745351856,0.465316490766259,-0.08453979833044896,68.9,-1.4797768836856011,5.56,0,0,1.4741566583416468,-1.023273875253128,-0.19400756252005802,0.46063237642489396,0.5548046918848967,-0.3539637533855039
JD Pantoja,-0.8389523184156388,-0.6054147259241589,People & Blogs,JD Pantoja,-1.327703962640404,Unknown,Music,-1.0,-0.09598399984230366,0.07718471284165686,-0.08453979833044896,68.0,0.27904907064799506,9.02,0,1,-0.9708569233448697,-1.229660147005865,0.7366831540905319,0.12453821336287595,0.5373702730784362,-0.3539637533855039
ýýýýýýýý/Atro,-0.8389523184156388,-0.38518010828103494,Gaming,ýýýýýýýý/Atro,0.45914410034952086,Netherlands,Games,4.0,0.23245296131094603,0.37589453604821677,0.2009739119280225,85.0,-2.090558286450771,3.2,0,0,-0.9708569233448697,-0.6998006223960119,-0.3108526048570401,0.38082750705201995,1.0222118367333923,0.018191178496725358
123 GO! Spanish,-0.8389523184156388,-0.07930814230577361,People & Blogs,123 GO! Spanish,-0.03856591183935546,Mexico,Howto,30.0,0.06134062348081792,0.22037728183902494,-0.08453979833044896,40.2,-0.4922656323482104,3.42,0,0,-1.4154048472878726,0.038477020962861895,0.18342804114215783,0.25310005981989286,0.48494866610172105,-0.3539637533855039
Geo News,-0.8389523184156388,-0.021968421154310882,News & Politics,Geo News,2.1835580399693133,Pakistan,News,6.0,0.37186879425390834,0.5026163140497947,-0.08453979833044896,9.0,-0.05599262021287701,4.45,0,0,1.2518826963701453,0.17707231927122197,-1.2231375930758377,0.49443340995668283,-1.807910204178686,-0.3539637533855039
Kids TV India Hindi Nursery Rhymes,-0.8389523184156388,0.042630572474162465,Shows,Kids TV India Hindi Nursery Rhymes,0.3612461711710158,India,Education,112.0,0.3155834679711743,0.4514522616716406,-0.08453979833044896,28.1,1.428108284192824,5.36,0,0,-0.30403503743036525,0.3332664471482157,-0.007180134592075431,0.45131231322120535,-1.9332780935697111,-0.3539637533855039
Think Music India,-0.8389523184156388,0.26285204650400606,Music,Think Music India,0.8116475085057181,India,Music,112.0,0.5530366928572277,0.6673126524649611,0.2009739119280225,28.1,1.428108284192824,5.36,0,0,0.8073347724271422,0.8660651367607212,-0.1751415207141255,0.6374188083943303,-1.9332780935697111,0.018191178496725358
O Que Nï¿½ï¿½ï¿½ï¿½ï¿½ï¿,-0.8551347368189316,-0.4857443833112494,Comedy,O Que Nï¿½ï¿½ï¿½ï¿½ï¿½ï¿,0.07105592759000495,Brazil,Entertainment,47.0,0.34132833367664706,0.4748493534006635,0.2009739119280225,51.3,-0.0710351183317133,12.08,0,0,-0.5263089994018667,-0.9343861948774953,-0.1159098774433506,0.46970265800101657,0.7303521859778146,0.02360438852008928
Goldmines Premiere,-0.8551347368189316,-0.4844870927197565,Entertainment,Goldmines Premiere,0.19786928163292455,India,Film,113.0,0.14328942108686418,0.2948379084884781,-0.08453979833044896,28.1,1.428108284192824,5.36,0,0,-0.08176107545886376,-0.931360416269444,-0.1973860733312154,0.31299298544205395,-1.9332780935697111,-0.3512376058446651
MAIKI021,-0.8551347368189316,-0.4896781315661466,Entertainment,MAIKI021,0.6566099613522954,Brazil,Entertainment,47.0,-0.23595594319598945,-0.04958937029669926,0.2009739119280225,51.3,-0.0710351183317133,12.08,1,0,1.0296087343986438,-0.9438527083402002,-0.49740543606118887,0.013830110763254588,0.7303521859778146,0.02360438852008928
The Vishal bhatt,-0.8551347368189316,0.20204589208908957,Comedy,The Vishal bhatt,0.22215434141564647,India,Comedy,113.0,0.6834798851258069,0.78351145088913,0.6535043273957786,28.1,1.428108284192824,5.36,0,0,-1.8599527712308757,0.7265497677108127,0.17245360146034971,0.7413507244249037,-1.9332780935697111,1.4964802139050097
NishaMadhulika,-0.8551347368189316,-0.3116032446973343,Howto & Style,NishaMadhulika,0.4969151576029703,India,Howto,113.0,0.0201359559054916,0.18277559554343256,-0.08453979833044896,28.1,1.428108284192824,5.36,0,0,0.8073347724271422,-0.5147932256555618,-0.2939899045887383,0.22232041860949753,-1.9332780935697111,-0.3512376058446651
MyMissAnand,-0.8551347368189316,-0.08416663799504999,People & Blogs,MyMissAnand,-0.19822053474701068,India,Entertainment,113.0,0.07306164815251265,0.23093105872895547,0.2009739119280225,28.1,1.428108284192824,5.36,1,0,-0.30403503743036525,0.034365323702185466,0.2842863397399396,0.2524928683503347,-1.9332780935697111,0.02360438852008928
FAPTV,-0.8551347368189316,-0.042983353006484426,Comedy,FAPTV,0.15195807139207143,Vietnam,Comedy,3.0,0.127060674129385,0.2800795382962517,0.2009739119280225,28.5,-0.707576997218799,2.01,1,0,-0.30403503743036525,0.1339033181200909,0.08032281628505568,0.30256397345743147,-1.8222747501745233,0.02360438852008928
Wesley Safadï¿½,-0.8551347368189316,0.1302928973156888,Music,Wesley Safadï¿½,-0.1030694427441387,Brazil,Music,47.0,0.2675917232130925,0.40779690878540015,0.2009739119280225,51.3,-0.0710351183317133,12.08,1,0,0.8073347724271422,0.552939092229304,0.3429839570872421,0.4136773513407289,0.7303521859778146,0.02360438852008928
infobells,-0.8551347368189316,-0.06576929237467309,Education,infobells,-0.05708791127921007,India,Education,113.0,0.03695466805337907,0.19822289596268158,-0.08453979833044896,28.1,1.428108284192824,5.36,0,0,0.3627868484841392,0.07882774256284632,0.20304413313410882,0.22142329651735654,-1.9332780935697111,-0.3512376058446651
Desi Gamers,-0.8551347368189316,-0.45033254134776407,Gaming,Desi gamers,-2.1337846467280697,Unknown,Tech,-1.0,-3.51709270890404,-2.235620548067013,0.2009739119280225,68.0,0.27904907064799506,9.02,1,1,-1.6376788092593741,-0.8491419859945376,1.499741231489461,-2.3021464077181037,0.5373702730784362,0.02360438852008928
Acenix,-0.8714357087859363,-0.45301085624778986,Gaming,Acenix,-0.1684966006889272,Spain,Games,16.0,0.1973348134957215,0.3439086085137004,0.2009739119280225,88.9,-1.2855454083931885,13.96,0,0,-0.30403503743036525,-0.8479334440177106,0.057840342168790734,0.3584966605308484,0.4398562426781722,0.02909662768755343
Zeinab Harake,-0.8714357087859363,-0.8268607879322788,Entertainment,Zeinab Harake,-0.28061689984372734,Philippines,People,9.0,-0.12239096986154607,0.053515782348477016,-0.08453979833044896,35.5,-0.6156814037179327,2.15,0,0,-0.9708569233448697,-1.7447786947060522,-0.07932151915709393,0.10362906566589723,-1.2805927858517596,-0.3484715142180398
DALLMYD,-0.8714357087859363,-0.48995704398771084,Sports,DALLMYD,-0.1260653172464494,United States,Sports,164.0,0.09540271907618458,0.251280227674494,-0.08453979833044896,88.2,0.27904907064799506,14.7,0,0,0.3627868484841392,-0.9368707903845819,0.009555446969283968,0.2795464056062845,0.5373702730784362,-0.3484715142180398
Lindsey Stirling,-0.8714357087859363,-0.20416115605027688,Music,Lindsey Stirling,-0.399194007812119,United States,Music,163.0,-0.06763614233074271,0.10305261590482519,-0.08453979833044896,88.2,0.27904907064799506,14.7,0,0,1.2518826963701453,-0.24781886554378957,0.34748415138823,0.14696223695489863,0.5373702730784362,-0.3484715142180398
JOJO TV - Hindi Stories,-0.8714357087859363,-0.06887726355438725,Education,JOJO TV - Hindi Stories,0.2422336249300075,India,Film,114.0,-0.1495201152522915,0.0288599577738482,-0.08453979833044896,28.1,1.428108284192824,5.36,0,0,-0.7485829613733682,0.07900237943333165,0.007287465706240828,0.08220177835146485,-1.9332780935697111,-0.3484715142180398
BBC,-0.8714357087859363,0.20603671826097164,Pets & Animals,BBC,1.2524753235328705,United Kingdom,Entertainment,29.0,0.1819405896763465,0.33001605455058336,-0.08453979833044896,60.0,-1.003205685454774,3.85,0,0,1.6964306203131483,0.7439029260547767,-0.4924177311165769,0.3413637817488599,0.5987927827115396,-0.3484715142180398
Saturday Night Live,-0.8714357087859363,0.38768023389985024,Entertainment,Saturday Night Live,1.0057617131839465,United States,Comedy,164.0,0.23874831331156565,0.3816021649135177,0.2009739119280225,88.2,0.27904907064799506,14.7,1,0,-0.08176107545886376,1.183578072106471,-0.23069847977721136,0.38794372568265373,0.5373702730784362,0.02909662768755343
BUDI01 GAMING,-0.8878569842082713,-0.7072970222869077,Gaming,BUDI01 GAMING,-0.22216170224679221,Indonesia,Games,29.0,-0.09766626502174752,0.07560701793521017,0.2009739119280225,36.3,0.12229127653497812,4.69,1,0,-1.4154048472878726,-1.451152185562358,-0.05013601393432684,0.12319710516127029,-0.8211663914313476,0.03466963941337494
Typical Gamer,-0.8878569842082713,-0.1462788492262041,Gaming,Typical Gamer,0.7575606583280846,Canada,Games,11.0,0.10931252001184631,0.2638933968472285,0.2009739119280225,68.9,-1.4797768836856011,5.56,1,0,1.0296087343986438,-0.10028534495632892,-0.3699034107529713,0.2915361856275901,0.5548046918848967,0.03466963941337494
Anaysa,-0.8878569842082713,-0.24257433869977515,Howto & Style,Anaysa,0.00955508728863912,India,Howto,115.0,0.08788081670647073,0.24441318905711515,0.2009739119280225,28.1,1.428108284192824,5.36,1,0,0.14051288651263774,-0.3328226949341346,0.060530210274660094,0.2663305302022077,-1.9332780935697111,0.03466963941337494
JULIA GISELLA,-0.8878569842082713,-0.04915774420184364,Entertainment,Julia Gisella,-1.2664893272700943,United Kingdom,Music,2492.0,-2.2084245490412364,-1.8261351792524334,-2.818705021016614,60.0,-1.003205685454774,3.85,0,0,-0.5263089994018667,0.13440981274906302,1.0071939035292454,-1.5428849524461197,0.5987927827115396,-0.7283058241729483
Awakening Music,-0.8878569842082713,-0.03598177926019929,Music,Awakening Music,0.12996681528075874,United Kingdom,Music,30.0,0.12828919418866466,0.28113610485485524,-0.08453979833044896,60.0,-1.003205685454774,3.85,0,0,1.4741566583416468,0.16626061979195184,0.09850629963373586,0.3025059716407598,0.5987927827115396,-0.34566459411884365
Lady Diana,-0.8878569842082713,0.1372565712698086,Entertainment,Lady Diana,0.334830208221641,Ukraine,People,4.0,0.30497217883034944,0.4417745397199596,-0.08453979833044896,82.7,-1.332979482288736,8.88,0,0,-0.7485829613733682,0.5852309835842008,0.06307419128857915,0.44120729651980944,-0.13122409722153205,-0.34566459411884365
Sanjoy Das Official,-0.8878569842082713,-0.187452516282511,Entertainment,Sanjoy Das Official,0.42715841845495195,India,Games,114.0,0.5082046642610007,0.6265543728664099,0.4864886519553722,28.1,1.428108284192824,5.36,0,0,-0.5263089994018667,-0.19973476313197217,-0.17908947468361958,0.6022902253332232,-1.9332780935697111,0.7870797756837224
Woody & Kleiny,-0.8878569842082713,0.2887216346060523,Comedy,Woody & Kleiny,0.19786928163292455,United Kingdom,Entertainment,29.0,0.7460423625428427,0.844671863774154,0.4864886519553722,60.0,-1.003205685454774,3.85,0,0,-0.08176107545886376,0.9517733500997062,0.23686744752984465,0.7904566009537026,0.5987927827115396,0.7870797756837224
Vijay Kumar Viner Vlogs,-0.8878569842082713,0.12081879543142172,Entertainment,Vijay Kumar Viner Vlogs,0.32228275381992294,India,Entertainment,116.0,0.39363620855131276,0.522434194600956,0.3679892441104192,28.1,1.428108284192824,5.36,0,0,-1.4154048472878726,0.5454632519976366,0.06196977358197825,0.5128373882417817,-1.9332780935697111,0.41223778131896816
Conor Maynard,-0.8878569842082713,-0.3403301086770994,Music,Conor Maynard,-0.2198148935869,United States,Music,165.0,-0.14902094780226502,0.0288599577738482,0.2009739119280225,88.2,0.27904907064799506,14.7,1,0,1.4741566583416468,-0.5686794824018012,0.15443810810680456,0.08258319759551157,0.5373702730784362,0.03466963941337494
Wengie,-0.8878569842082713,-0.5009313950254735,Howto & Style,Wengie,-0.0830206358378728,United States,Howto,165.0,-0.6376500696827527,-0.416669846214984,-0.08453979833044896,88.2,0.27904907064799506,14.7,0,0,0.5850608104556407,-0.9555698786973345,-0.024533365193118304,-0.3037689562268837,0.5373702730784362,-0.34566459411884365
Vlad y Niki Show,-0.9044003520093009,-0.11503204757590306,Entertainment,Vlad y Niki Show,-0.07101127942707622,United States,Entertainment,166.0,0.35282411704057814,0.4853026817384566,0.2009739119280225,88.2,0.27904907064799506,14.7,0,0,-1.1931308853163711,-0.016994462716924293,0.1844076232145063,0.47827259786119025,0.5373702730784362,0.04032521877318503
Codiscos,-0.9044003520093009,0.29139791380789437,Music,Codiscos,0.9587049144763791,Colombia,Music,9.0,0.5654098101625663,0.678564812074613,-0.08453979833044896,55.3,-1.2315578190260055,9.71,0,0,1.2518826963701453,0.9660637612779309,-0.2543107986045398,0.6478315914985004,0.46760705376012723,-0.3428159348582296
The World Adventures ï¿½ï¿½ï¿½ï¿½ï¿½ï¿½,-0.9044003520093009,-0.4494036179534602,People & Blogs,The World Adventures ï¿½ï¿½ï¿½ï¿½ï¿½ï¿½,0.21778720181080582,India,People,116.0,-0.6953736827122079,-0.46611422794741714,0.2009739119280225,28.1,1.428108284192824,5.36,1,0,-0.7485829613733682,-0.8237602447230814,-0.19058742186941136,-0.34924044449014646,-1.9332780935697111,0.04032521877318503
Vibhu 96,-0.9044003520093009,-2.4657683233892693,Entertainment,Vibhu 96,-0.3047428349119235,India,Education,114.0,-0.0015713176307963132,0.163253184262364,0.3679892441104192,28.1,1.428108284192824,5.36,0,0,-2.0822267332023774,-5.18877372955789,-0.9840955563954651,0.19920486412702187,-1.9332780935697111,0.4206594523054036
Blockbuster Movies,-0.9044003520093009,-0.3565564455538104,Entertainment,Blockbuster Movies,-2.3948665529838955,India,Entertainment,5589.0,0.26768662202931587,-2.2398305342958547,0.2009739119280225,28.1,1.428108284192824,5.36,1,0,-0.9708569233448697,-0.6000235894118895,-3.737549627379587,-2.338923974921691,-1.9332780935697111,0.04032521877318503
ATHLEAN-Xï¿½,-0.9044003520093009,-0.414388982481204,Howto & Style,ATHLEAN-Xï¿½,0.32005727277306945,United States,Howto,166.0,-0.07987583471518213,0.0919831007751382,0.2009739119280225,88.2,0.27904907064799506,14.7,1,0,1.4741566583416468,-0.7394161668269428,-0.23717483340461357,0.1372701126645745,0.5373702730784362,0.04032521877318503
My Mate Nate,-0.9044003520093009,-0.2530500956573558,Comedy,My Mate Nate,0.27443529367849767,Thailand,Entertainment,15.0,0.16703780006529922,0.31643096138002413,0.2009739119280225,49.3,-0.9702421860018955,0.75,1,0,-0.30403503743036525,-0.35031835059854216,-0.11700995469720352,0.3325233005941497,-1.0981786604416175,0.04032521877318503
H2ODelirious,-0.9044003520093009,-0.14075322197082335,Gaming,H2ODelirious,0.702657781836398,United States,Games,166.0,-0.04562122885917612,0.12296676222092419,0.2009739119280225,88.2,0.27904907064799506,14.7,1,0,1.2518826963701453,-0.07913940902670356,-0.33125435931694946,0.16435739833969262,0.5373702730784362,0.04032521877318503
GMA Integrated News,-0.9044003520093009,0.20084024683188298,News & Politics,GMA Integrated News,2.350706373254241,Philippines,News,10.0,0.4053611407217852,0.5330532699625875,-0.08453979833044896,35.5,-0.6156814037179327,2.15,0,0,1.2518826963701453,0.7468909094825936,-1.206193390043739,0.519524261864057,-1.2805927858517596,-0.3428159348582296
Peet Montzingo,-0.9044003520093009,0.2209062409506365,People & Blogs,Peet Montzingo,-0.22216170224679221,United States,People,165.0,0.6946037621332841,0.7972321610625426,0.5784039938330275,88.2,0.27904907064799506,14.7,0,0,-0.30403503743036525,0.7954507075742416,0.4711664093224393,0.7498070771518671,0.5373702730784362,1.1730695885757512
The Q,-0.9044003520093009,-0.14581176749856045,People & Blogs,Tom Duggan,-0.6717487270233765,United States,Sports,7615.0,-3.611914731749042,-2.2377151202531764,-4.541342433853443,88.2,0.27904907064799506,14.7,0,0,1.4741566583416468,-0.09136005631934925,0.5579750196452522,-2.3163197617473354,0.5373702730784362,-0.7288018734675161
Trakin Tech,-0.9210676413136715,-0.4251562677934303,Science & Technology,Trakin Tech,0.6937634734124678,India,Tech,116.0,0.17798455357975224,0.3263962823615726,-0.08453979833044896,28.1,1.428108284192824,5.36,0,0,0.3627868484841392,-0.7575233041670205,-0.4852235699554063,0.34157054578752627,-1.9332780935697111,-0.3399245984601647
theRadBrad,-0.9210676413136715,0.001789076565469272,Gaming,theRadBrad,0.9993821002378102,United States,Games,167.0,-0.06133828571643849,0.10888687506052898,0.2009739119280225,88.2,0.27904907064799506,14.7,1,0,1.4741566583416468,0.2732449273767199,-0.4432947235337358,0.1519256825945199,0.5373702730784362,0.046065214431863996
Matt Steffanina,-0.9210676413136715,-0.26144434065272615,Entertainment,Matt Steffanina,-0.20829529328013519,United States,Entertainment,692.0,-0.5515732130135356,-0.33727436214197537,0.2009739119280225,88.2,0.27904907064799506,14.7,1,0,1.2518826963701453,-0.3627306362268595,0.19126320530809324,-0.2357826918578304,0.5373702730784362,0.046065214431863996
Stray Kids,-0.9210676413136715,-0.2529732410373095,People & Blogs,straykids,-1.8727027404722443,Unknown,Comedy,-1.0,-3.6791920276263568,-2.2377151202531764,-4.541342433853443,68.0,0.27904907064799506,9.02,0,1,1.2518826963701453,-0.3422841107599876,1.3427404068638824,-2.3229853662832576,0.5373702730784362,-0.7288018443375718
Kurt Hugo Schneider,-0.9210676413136715,-0.20772168888742346,Entertainment,Kurt Hugo Schneider,0.07213518784537526,United States,Entertainment,167.0,-0.3677806387835185,-0.1701680344210878,0.2009739119280225,88.2,0.27904907064799506,14.7,1,0,1.2518826963701453,-0.2330354465646528,0.03953510157207349,-0.09040432427022023,0.5373702730784362,0.046065214431863996
Vogue,-0.9210676413136715,-0.15901766788932695,Entertainment,Vogue,0.64122912744819,United States,People,167.0,0.18549915138299286,0.3332219776783567,-0.08453979833044896,88.2,0.27904907064799506,14.7,0,0,1.0296087343986438,-0.11540655364664788,-0.3017397605507746,0.35034813303735296,0.5373702730784362,-0.3399245984601647
ýýýýýýýýýýýýýýýýýý,-0.9210676413136715,0.03176789699681125,People & Blogs,ýýýýýýýýýýýýýýýýýý,0.020218991398337147,Russia,Entertainment,13.0,0.3477306715596638,0.4807004619633787,-0.08453979833044896,81.9,-0.3826849838307849,4.59,0,0,-0.5263089994018667,0.3457390980099773,0.2076938246094367,0.47400742751078456,0.13207419293207687,-0.3399245984601647
Kids Lineï¿½ï¿½ï¿½ï¿½ï¿½ï¿½ï¿½,-0.9210676413136715,0.17844197192868508,People & Blogs,Kids Lineï¿½ï¿½ï¿½ï¿½ï¿½ï¿½ï¿½,0.5870905971911307,United States,Education,166.0,0.484404711148452,0.6049410899123103,-0.08453979833044896,88.2,0.27904907064799506,14.7,0,0,0.3627868484841392,0.7005590189932253,-0.0771599349332984,0.584282051853441,0.5373702730784362,-0.3399245984601647
VexTrex,-0.9210676413136715,0.11891265193285042,Entertainment,VexTrex,0.5386534509548879,Ukraine,Entertainment,5.0,0.6835452413219947,-2.2398305342958547,0.2009739119280225,82.7,-1.332979482288736,8.88,1,0,-0.30403503743036525,0.5565265714679056,-0.07922908613879462,-2.338923974921691,-0.13122409722153205,0.046065214431863996
penguinz0,-0.9210676413136715,0.11059638034935496,Gaming,penguinz0,0.7829707911144783,United States,Entertainment,166.0,0.5205503119231446,0.6377880933868457,0.2009739119280225,88.2,0.27904907064799506,14.7,0,0,1.2518826963701453,0.5364077113985101,-0.2420867278116233,0.6127890435721074,0.5373702730784362,0.046065214431863996
Just For Laughs Gags,-0.9210676413136715,0.0896073659386324,Comedy,Just For Laughs Gags,0.935476160965705,United States,Comedy,167.0,-0.03629372674639131,0.13165795654376963,-0.08453979833044896,88.2,0.27904907064799506,14.7,0,0,1.2518826963701453,0.48563370104755504,-0.3526040695953726,0.17174967362647944,0.5373702730784362,-0.3399245984601647
Kabita's Kitchen,-0.9210676413136715,-0.3278431460684593,Howto & Style,Kabita's Kitchen,0.3572230453783891,India,Howto,117.0,0.17501501841724018,0.3237020556837001,0.2009739119280225,28.1,1.428108284192824,5.36,1,0,-0.30403503743036525,-0.5229380847486704,-0.21264171222747855,0.34172077458117767,-1.9332780935697111,0.046065214431863996
BanderitaX,-0.9210676413136715,-0.1640279096181849,Gaming,BanderitaX,0.39358207091262554,Saudi Arabia,Games,7.0,0.2906995947469769,0.4287975260480705,0.2009739119280225,68.0,-1.5413900068076587,5.93,0,0,-0.08176107545886376,-0.1275091952637007,-0.14418805889783667,0.43068643221557706,0.6200564387211577,0.046065214431863996
AzzyLand,-0.9210676413136715,0.027029713771517448,Gaming,AzzyLand,0.4178051674658538,Canada,Entertainment,12.0,-0.31140225201391314,-0.1189901839928475,-0.08453979833044896,68.9,-1.4797768836856011,5.56,0,0,-0.5263089994018667,0.33428061972474576,-0.0525733825870408,-0.04584310073329196,0.5548046918848967,-0.3399245984601647
HUBAï¿½ï¿½,-0.9378607226609332,0.21490205303694535,Entertainment,HUBAï¿½ï¿½,-0.025772402253445858,United States,Entertainment,167.0,0.6435010732511763,0.7530886115224619,0.5784039938330275,88.2,0.27904907064799506,14.7,0,0,-1.8599527712308757,0.7967182025710926,0.3403674448048602,0.7088088839787174,0.5373702730784362,1.2013567307140594
BIBO ï¿½ï¿½ï¿½ï¿½ï¿½ï¿,-0.9378607226609332,-0.7195474319566874,Entertainment,BIBO ï¿½ï¿½ï¿½ï¿½ï¿½ï¿,-0.4126133965284874,Russia,Entertainment,13.0,-0.1974577517416318,-0.014789804226919976,0.2009739119280225,81.9,-0.3826849838307849,4.59,0,0,-1.4154048472878726,-1.4571297629642959,0.06676056386899763,0.04427990579794335,0.13207419293207687,0.05189153065839732
Brawl Stars,-0.9378607226609332,-0.47089599689493633,Gaming,Brawl Stars,-0.45381964300912947,Finland,Games,1.0,-0.000362677304465309,0.16429916296399785,0.2009739119280225,88.2,-3.012388095006334,6.59,1,0,-0.9708569233448697,-0.8597942458762325,0.23322782451115928,0.20015566352322142,0.6911587833795553,0.05189153065839732
Ei Nerd,-0.9378607226609332,-0.22739791275069915,Entertainment,Einerd,-2.3948665529838955,Unknown,Games,-1.0,0.26768662202931587,-2.2398305342958547,0.2009739119280225,68.0,0.27904907064799506,9.02,1,1,1.2518826963701453,-0.2726340548033064,-3.737549627379587,-2.338923974921691,0.5373702730784362,0.05189153065839732
Sonotek Bhakti,-0.9378607226609332,-0.20127327577000723,Entertainment,Sonotek Bhakti,0.9912056029767577,India,Music,118.0,0.05052989742395184,0.2105350472674898,0.2009739119280225,28.1,1.428108284192824,5.36,1,0,0.5850608104556407,-0.20955226818836167,-0.5520464633037035,0.23788143467787048,-1.9332780935697111,0.05189153065839732
Vilmei,-0.9378607226609332,-0.15606794376660918,Entertainment,Vilmei,0.31301666457949934,Indonesia,People,30.0,0.5990438016270289,0.7175733843469979,0.7720039068700575,36.3,0.12229127653497812,4.69,0,0,-0.08176107545886376,-0.10036663215559656,-0.08753468371165389,0.6744090762141132,-0.8211663914313476,2.325921798866636
MC Divertida,-0.9378607226609332,-0.06187825349683239,Entertainment,MC Divertida,-0.12515440610981454,Brazil,Entertainment,49.0,0.26925779274209144,0.40936772443979313,-0.08453979833044896,51.3,-0.0710351183317133,12.08,0,0,-1.1931308853163711,0.12724257182462304,0.24938428155917602,0.4135882829818259,0.7303521859778146,-0.33698961863169635
The Infographics Show,-0.9378607226609332,-0.05866845515308945,Education,The Infographics Show,0.7546676307560582,United States,Education,168.0,0.21800679689635252,0.36277081898365093,-0.08453979833044896,88.2,0.27904907064799506,14.7,0,0,0.3627868484841392,0.13500139784576848,-0.3188262383354466,0.37385296855386707,0.5373702730784362,-0.33698961863169635
jbalvinVEVO,-0.9378607226609332,0.5366693757147206,Music,jbalvinVEVO,-0.3336724817971044,Colombia,Music,10.0,0.3372065194652197,0.471124311516581,0.2009739119280225,55.3,-1.2315578190260055,9.71,1,0,0.5850608104556407,1.5757274934211705,0.7209478202660875,0.4651653444209378,0.46760705376012723,0.05189153065839732
ýýýýýýTwinsFromRussia,-0.9378607226609332,0.1920590278781435,People & Blogs,ýýýýýýTwinsFromRussia,0.9339483414003233,United States,People,168.0,0.41318880063892377,0.5402053838372268,0.3679892441104192,88.2,0.27904907064799506,14.7,0,0,0.3627868484841392,0.7414381292082898,-0.2940756156390401,0.5261579128543177,0.5373702730784362,0.43788134355042596
Technology Gyan,-0.9378607226609332,-0.723404787481496,Science & Technology,Technology Gyan,0.21558449628526885,India,Tech,118.0,-0.022642718925682245,0.1440628150884227,-0.08453979833044896,28.1,1.428108284192824,5.36,0,0,-0.5263089994018667,-1.466370665995465,-0.34304619044007584,0.1825340708542545,-1.9332780935697111,-0.33698961863169635
CookingShooking Hindi,-0.9378607226609332,-0.5345643554807459,People & Blogs,CookingShooking Hindi,-0.14380482812371562,India,Howto,118.0,-0.13425611502037307,0.042703646422554885,0.2009739119280225,28.1,1.428108284192824,5.36,1,0,-0.9708569233448697,-1.0130131219913738,-0.0039863890033413315,0.09424792534808102,-1.9332780935697111,0.05189153065839732
Ryan Trahan,-0.9547815092653603,-0.4407900386309289,Entertainment,Ryan Trahan,-1.0666220563845783,United States,People,7683.0,-2.6458024789771146,-2.0935349287007377,-4.541342433853443,88.2,0.27904907064799506,14.7,0,0,-2.0822267332023774,-0.7793402053919665,0.6526483919454262,-1.8753747633864428,0.5373702730784362,-0.7288017847434872
Alex Gonzaga Official,-0.9547815092653603,-0.6329663818745754,People & Blogs,Alex Gonzaga Official,-0.2618469596402081,Philippines,People,11.0,-0.14770220600781964,0.030334593340029633,0.2009739119280225,35.5,-0.6156814037179327,2.15,1,0,-0.9708569233448697,-1.2415548315041087,0.01738187782312822,0.08364700569820209,-1.2805927858517596,0.05780612943232927
WiederDude,-0.9547815092653603,-0.34307030328122284,Entertainment,WiederDude,-0.259240294763441,United States,Games,169.0,0.23985251634267227,0.3826321429816044,-0.08453979833044896,88.2,0.27904907064799506,14.7,0,0,-0.7485829613733682,-0.5438002350405181,0.17850177039491286,0.3878852363959438,0.5373702730784362,-0.3340099996862327
Ian Boggs,-0.9547815092653603,0.17948130595828,Entertainment,Ian Boggs,0.313868519231516,Unknown,Entertainment,-1.0,0.6504673774340194,0.7530886115224619,0.7170007726980412,68.0,0.27904907064799506,9.02,0,1,0.5850608104556407,0.7189899983908162,0.10036644502990098,0.7147855358297629,0.5373702730784362,1.9737206206836782
Lokdhun Punjabi,-0.9547815092653603,-0.10666201543998435,Music,Lokdhun Punjabi,0.2949660567040258,India,Music,119.0,0.12244800984968353,0.27595430114596875,-0.08453979833044896,28.1,1.428108284192824,5.36,0,0,0.5850608104556407,0.026982886953304874,-0.04809445067668215,0.3028073826499224,-1.9332780935697111,-0.3340099996862327
Knowledge Tv ï¿½ï¿½ï¿½ï¿½ï¿½ï¿½,-0.9547815092653603,-0.4927150047706546,People & Blogs,Knowledge Tv ï¿½ï¿½ï¿½ï¿½ï¿½ï¿½,-1.611620834216419,Unknown,People,-1.0,-3.6791920276263568,-2.2377151202531764,0.2009739119280225,68.0,0.27904907064799506,9.02,1,1,-1.4154048472878726,-0.9043736542513778,1.001523262462534,-2.3229853662832576,0.5373702730784362,0.05780612943232927
Painzeiro,-0.9547815092653603,-0.3722781011637986,People & Blogs,Painzeiro,0.2353095040023794,Brazil,People,50.0,0.1796973122551494,0.32797242296098367,-0.08453979833044896,51.3,-0.0710351183317133,12.08,0,0,-0.5263089994018667,-0.6142308393889014,-0.15862419864294394,0.34147659078761256,0.7303521859778146,-0.3340099996862327
Peppa Pig em Portuguï¿½ï¿½ï¿½ï¿½ï¿½ï¿½ï¿½ï¿½ï¿,-0.9547815092653603,-0.15519064466178234,Film & Animation,Peppa Pig em Portuguï¿½ï¿½ï¿½ï¿½ï¿½ï¿½ï¿½ï¿½ï¿½,0.3244951629497047,Brazil,Film,49.0,0.06847086467872038,0.22688883276435157,-0.08453979833044896,51.3,-0.0710351183317133,12.08,0,0,-0.30403503743036525,-0.09027246062566369,-0.09447716113465109,0.25273598419915727,0.7303521859778146,-0.3340099996862327
ýýýýýýýýýýýýýýý Ms Yeah,-0.9547815092653603,-0.13647517739514023,People & Blogs,ýýýýýýýýýýýýýýý Ms Yeah,-0.10565227506868688,United States,Howto,169.0,0.25484553045677705,0.3962009615118602,-0.08453979833044896,88.2,0.27904907064799506,14.7,0,0,-0.9708569233448697,-0.045056537739888776,0.19483587019072604,0.4011931103916066,0.5373702730784362,-0.3340099996862327
Hungria Hip Hop,-0.9547815092653603,-0.11633717045095535,Music,Hungria Hip Hop,-0.7736906314788377,Brazil,Music,50.0,0.2011828963089347,0.3474649276493113,0.2009739119280225,51.3,-0.0710351183317133,12.08,1,0,-0.08176107545886376,0.0036026497822425996,0.6413030591015824,0.35829082651391303,0.7303521859778146,0.05780612943232927
RaptorGamer,-0.9547815092653603,-0.32054708747764604,People & Blogs,RaptorGamer,0.3456720409052376,Ecuador,Games,2.0,0.26335528228099764,0.4039451138169027,0.3679892441104192,44.9,-2.0886634672712323,3.97,0,0,-0.7485829613733682,-0.48947306539868946,-0.20106237054623446,0.40743531612667,-0.4137267399522885,0.4466872787224229
RedeTV,-0.9547815092653603,-0.05293109849108308,Entertainment,RedeTV,1.56467249845505,Brazil,Entertainment,50.0,-0.03469267163452459,0.13317324682632428,0.2009739119280225,51.3,-0.0710351183317133,12.08,1,0,0.3627868484841392,0.15685032806061078,-0.8399431884843134,0.17299245034184696,0.7303521859778146,0.05780612943232927
twenty one pilots,-0.9547815092653603,-0.05862732172184481,Music,twenty one pilots,-0.40873025315241956,United States,Music,169.0,0.21391866314341043,0.35904640859256154,0.2009739119280225,88.2,0.27904907064799506,14.7,1,0,0.8073347724271422,0.14308062207192074,0.43542356128914156,0.3660134447174945,0.5373702730784362,0.05780612943232927
DJ Khaled,-0.9547815092653603,0.04203372651686262,Music,DjKhaled,-1.4287486973868493,Samoa,Music,81.0,-2.546945613534603,-2.0062684651344074,-4.255826664049493,7.6,-5.675483863807089,8.36,0,0,1.4741566583416468,0.38647355728296,1.1704438011241831,-1.8043482519895386,-2.8032951724515964,-0.7287938587308528
Davie504,-0.9718319583240064,-0.3511459041887268,Entertainment,Davie504,0.14089851085210897,Italy,Entertainment,2.0,0.08916835250759382,0.2456621804887892,-0.08453979833044896,61.9,-1.0861332196372198,9.89,0,0,0.3627868484841392,-0.5552537514406635,-0.08558212721609115,0.2662599734675959,-0.0661975845267701,-0.330984715417317
Everson Zoio,-0.9718319583240064,-0.7691283142500145,Comedy,Everson Zoio,0.03058927672581898,Brazil,Entertainment,51.0,-0.44427942373595075,-0.2394439199292424,0.2009739119280225,51.3,-0.0710351183317133,12.08,1,0,0.8073347724271422,-1.5599765784583068,-0.2488329078996148,-0.15097225816027088,0.7303521859778146,0.0638110326467086
Calon Sarjana,-0.9718319583240064,-2.7507904882708525,Entertainment,Calon Sarjana,-1.1137662024936401,Indonesia,Entertainment,31.0,1.104196346766338,-2.2398305342958547,0.3679892441104192,36.3,0.12229127653497812,4.69,0,0,-0.7485829613733682,-5.5369699657266995,-0.6132038254054544,-2.338923974921691,-0.8211663914313476,0.4556271617652706
Lofi Girl,-0.9718319583240064,-0.5497162112847511,Music,Lofi Girl,-0.12881134329551097,France,Music,3.0,0.09382702349735311,0.24988957271497272,-0.08453979833044896,65.6,-1.000492116215705,8.43,0,0,-0.5263089994018667,-1.0335146948246043,-0.02222506395401504,0.2796252028989538,0.44727013810658445,-0.330984715417317
Jomy Production,-0.9718319583240064,-0.07603166685369037,Entertainment,SRK Edie soon,-1.567256490919336,India,Entertainment,5227.0,-3.6791920276263568,-2.2377151202531764,0.2009739119280225,28.1,1.428108284192824,5.36,1,0,-1.8599527712308757,0.10905149507053934,1.2029880954696806,-2.3229853662832576,-1.9332780935697111,0.0638110326467086
GH'S,-0.9718319583240064,0.16142487719831713,Gaming,GH'S,-0.045865783174902156,South Korea,Games,15.0,0.9284416970918044,1.007408247179406,0.8639193517254113,94.3,-1.2099295806788581,4.15,0,0,-1.6376788092593741,0.6833467260807706,0.323363945481393,0.9349200231448306,0.4843914540842102,3.118538579263603
JesseAndMike,-0.9718319583240064,0.2198950516128271,Entertainment,JesseAndMike,0.08171184534937771,United States,Entertainment,170.0,0.16385675269556854,0.31347729884247305,0.2009739119280225,88.2,0.27904907064799506,14.7,1,0,1.2518826963701453,0.8248415171819602,0.2734880406362619,0.33269091299190595,0.5373702730784362,0.0638110326467086
Wolfoo Channel,-0.9718319583240064,-1.3000314516565485,Entertainment,Wolfoo Channel,-1.2138463744301995,Pakistan,People,3926.0,-2.443662620426283,-2.0062684651344074,-3.921794626649802,9.0,-0.05599262021287701,4.45,0,0,-1.8599527712308757,-2.8153869666483224,0.26892945945717583,-1.7293572745491643,-1.807910204178686,-0.728773799827361
Susy Mouriz,-0.9718319583240064,0.017349820215189937,Entertainment,Susy Mouriz,0.30584194152910177,Mexico,Entertainment,31.0,0.676721447612244,0.78351145088913,0.6535043273957786,40.2,-0.4922656323482104,3.42,0,0,-0.9708569233448697,0.33482216566550893,0.014508612963449371,0.735862176377297,0.48494866610172105,1.6136392775788078
7 Minutoz,-0.9718319583240064,-0.14146357873661797,Music,7 Minutoz,-0.037843645901031314,Brazil,Music,51.0,0.08645945976613101,0.24315681652206417,0.2009739119280225,51.3,-0.0710351183317133,12.08,1,0,0.14051288651263774,-0.04907200275059998,0.14805157853374978,0.2664010600304081,0.7303521859778146,0.0638110326467086
The LaBrant Fam,-0.9718319583240064,-0.11364021522773862,Comedy,The LaBrant Fam,0.02268486974003344,United States,People,170.0,0.17115417839154673,-2.2398305342958547,0.2009739119280225,88.2,0.27904907064799506,14.7,1,0,0.14051288651263774,0.01815816706015213,0.12443025118133855,-2.338923974921691,0.5373702730784362,0.0638110326467086
Pastor Antï¿½ï¿½ï¿½ï¿½ï,-0.9890140723752899,-0.45501772800722123,People & Blogs,Pastor Antï¿½ï¿½ï¿½ï¿½ï,0.7909671234966013,Brazil,People,52.0,0.10378128877235668,0.2589375615966149,-0.08453979833044896,51.3,-0.0710351183317133,12.08,0,0,-0.08176107545886376,-0.7975239951511108,-0.564926430719323,0.2790992523786658,0.7303521859778146,-0.3279127079202205
Matheus Yurley,-0.9890140723752899,-1.6330400393592934,Entertainment,Matheus Yurley,-0.7946216589384459,Brazil,Entertainment,52.0,-1.152609181260223,-0.8827138940324679,0.2009739119280225,51.3,-0.0710351183317133,12.08,1,0,-0.5263089994018667,-3.5659420890323275,-0.19677669942999462,-0.7106984201622494,0.7303521859778146,0.06990832441272078
gymvirtual,-0.9890140723752899,-0.380170747629712,Sports,gymvirtual,0.37764130572415405,Spain,Sports,17.0,-0.12423614259680694,0.05175151540559388,-0.08453979833044896,88.9,-1.2855454083931885,13.96,0,0,0.5850608104556407,-0.6171578854036928,-0.2552549238777582,0.10219533626955735,0.4398562426781722,-0.3279127079202205
BIBOï¿½ï¿½ï¿½ï¿½ï,-0.9890140723752899,-0.27766352933981453,Entertainment,BIBOï¿½ï¿½ï¿½ï¿½ï,-0.41066682076755096,South Korea,Entertainment,16.0,-0.38096252948019155,-0.1818016959017126,0.2009739119280225,94.3,-1.2099295806788581,4.15,1,0,-0.7485829613733682,-0.3698825389162868,0.31366723711319255,-0.10078737903135687,0.4843914540842102,0.06990832441272078
Top Viral Talent,-0.9890140723752899,-0.21833214396079975,Entertainment,Top Viral Talent,0.3838162238758393,United States,Entertainment,171.0,0.08529224227914015,0.2420739845419999,-0.08453979833044896,88.2,0.27904907064799506,14.7,0,0,-0.30403503743036525,-0.22664723048404312,-0.1683616569774313,0.2664715629727105,0.5373702730784362,-0.3279127079202205
Akon,-0.9890140723752899,0.019423256440326324,Music,Akon,-1.005407421014269,United States,Music,171.0,0.3503053585032142,0.48304314981760355,-0.08453979833044896,88.2,0.27904907064799506,14.7,0,0,1.6964306203131483,0.3479430033752313,0.8703878836815161,0.4784071138163558,0.5373702730784362,-0.3279127079202205
AlArabiya ï¿½ï¿½ï¿½ï¿½ï¿,-0.9890140723752899,0.09622359452065767,People & Blogs,AlArabiya ï¿½ï¿½ï¿½ï¿½ï¿,2.139934277757672,United Arab Emirates,News,8.0,0.32019987383318244,0.4556675347272761,-0.08453979833044896,36.8,-2.5523985512383427,2.35,0,0,1.4741566583416468,0.5337059251200574,-1.128524134799563,0.45619285293481987,0.7603035088114829,-0.3279127079202205
Rauw Alejandro,-0.9890140723752899,0.28075303973622534,Music,Rauw Alejandro,-0.4626308417898031,Unknown,Music,5.0,0.5402431236885344,0.6556902315710446,-0.08453979833044896,68.0,0.27904907064799506,9.02,0,0,-0.30403503743036525,0.9802551146993347,0.6611097192608825,0.6283736043398842,0.5373702730784362,-0.3279127079202205
EnriqueIglesiasVEVO,-0.9890140723752899,0.40867907244560875,Music,EnriqueIglesiasVEVO,-0.538959437142094,United States,Music,171.0,0.30686556561659295,0.44353533041206833,-0.08453979833044896,88.2,0.27904907064799506,14.7,0,0,0.8073347724271422,1.2899595355243905,0.7826874996917461,0.4411086153417292,0.5373702730784362,-0.3279127079202205
ýýýýýýýý ýýýý ýýýýýýýýýýýýýý,-0.9890140723752899,-0.03292824824786004,Shows,ýýýýýýýý ýýýý ýýýýýýýýýýýýýý,0.292872656317505,Ukraine,Entertainment,6.0,0.29203848455317954,0.4300716854519509,0.2009739119280225,82.7,-1.332979482288736,8.88,0,0,-0.30403503743036525,0.22135420332513495,-0.005327640440153035,0.43061099552645715,-0.13122409722153205,0.06990832441272078
The Shiny Peanut,-0.9890140723752899,-0.32521534084517584,Education,The Shiny Peanut,0.5269165197678511,Indonesia,Entertainment,32.0,-0.7466348755118924,-0.5110260757664505,0.2009739119280225,36.3,0.12229127653497812,4.69,1,0,-0.7485829613733682,-0.48462342545193854,-0.32106235691772017,-0.39001875010365605,-0.8211663914313476,0.06990832441272078
Talking Angela,-1.0063299007104243,-0.21967564799016198,Entertainment,Talking Angela,-0.3400567290664641,United Kingdom,Film,31.0,0.07368986503186387,0.2315022962954164,0.2009739119280225,60.0,-1.003205685454774,3.85,1,0,-0.30403503743036525,-0.22173382558716687,0.3003152005828145,0.2524472485296942,0.5987927827115396,0.07610015347152879
Melon City Show - ï¿½ï¿½ï¿½ï¿½ï¿½ï¿½ï¿½ï¿½ï¿½ï¿½ï¿,-1.0063299007104243,-0.011813828745074006,Comedy,Melon City Show - ï¿½ï¿½ï¿½ï¿½ï¿½ï¿½ï¿½ï¿½ï¿½ï¿,0.413039977647897,Iraq,Comedy,2.0,0.1284679532509187,0.2812866151989111,0.2009739119280225,16.2,-1.4308141038427928,12.82,1,0,-0.7485829613733682,0.2805746138905899,-0.07130276515131648,0.30249436909433125,-0.06918381326646102,0.07610015347152879
Duo Tiempo De Sol,-1.0063299007104243,0.04363089981272906,Music,Duo Tiempo De Sol,-0.2174826163431255,Spain,Education,17.0,0.2275916900787706,0.37151095016808966,-0.08453979833044896,88.9,-1.2855454083931885,13.96,0,0,-0.08176107545886376,0.4146599274411645,0.36856602971933244,0.38108561630326043,0.4398562426781722,-0.32479288635850906
Troom Troom India,-1.0063299007104243,0.05277233082420396,Howto & Style,Troom Troom India,0.5345712097223267,Unknown,Howto,-1.0,-0.03895966926866524,0.12921080091054035,0.2009739119280225,68.0,0.27904907064799506,9.02,1,1,-0.5263089994018667,0.4367704679862461,-0.11373174918787417,0.16964377559917404,0.5373702730784362,0.07610015347152879
MrSuicideSheep,-1.0063299007104243,0.06328746196116342,Entertainment,MrSuicideSheep,0.6771612444873748,Canada,Entertainment,13.0,-0.02774959006385275,0.13942209697844446,0.2009739119280225,68.9,-1.4797768836856011,5.56,1,0,0.5850608104556407,0.46220468142209287,-0.20015234832719642,0.17847251834985417,0.5548046918848967,0.07610015347152879
Adam W,-1.0063299007104243,0.1977980611691782,Comedy,Adam W,0.06286137150881492,United States,Comedy,171.0,0.5654598661162155,0.6786112458686241,0.2009739119280225,88.2,0.27904907064799506,14.7,0,0,-0.5263089994018667,0.7876525126181141,0.2732965969163865,0.6478280048233779,0.5373702730784362,0.07610015347152879
Right to Shiksha,-1.0063299007104243,0.11632132480871973,Education,Right to Shiksha,0.4764822609723225,India,Education,120.0,0.5493803526150517,0.6640065613761555,0.3679892441104192,28.1,1.428108284192824,5.36,0,0,-1.6376788092593741,0.5905007369799239,-0.04042487394303207,0.6357053298092152,-1.9332780935697111,0.47392118580447007
Beyoncï¿½ï¿½,-1.0063299007104243,0.37170785192307726,Music,Beyoncï¿½ï¿½,-0.4626308417898031,United States,Music,172.0,0.34597483156475506,0.4791044270284545,0.2009739119280225,88.2,0.27904907064799506,14.7,1,0,0.8073347724271422,1.2086237009062857,0.7121922466798647,0.4740992075098982,0.5373702730784362,0.07610015347152879
FACT FIRE KING,-1.023781540840207,-0.7154585910827743,Entertainment,FACT FIRE KING,0.11487947887542262,India,Games,120.0,0.21560718945850238,0.3606061831412962,0.5784039938330275,28.1,1.428108284192824,5.36,0,0,-1.6376788092593741,-1.407160745328148,-0.2733271801604635,0.37397914460682163,-1.9332780935697111,1.2758985559461882
Ian Lucas,-1.023781540840207,-0.6180647609063342,Entertainment,Ian Lucas,-0.9138989316081242,Unknown,Entertainment,-1.0,-3.025972728639115,-2.2398305342958547,-3.921794626649802,68.0,0.27904907064799506,9.02,0,1,-0.7485829613733682,-1.1734381468063706,0.4517833245701144,-2.338923974921691,0.5373702730784362,-0.7287730451522547
Franco Escamilla,-1.023781540840207,-0.14978715513757987,Comedy,Franco Escamilla,0.5497325311782909,Mexico,Comedy,32.0,0.31208148813814673,0.4482521872291489,-0.08453979833044896,40.2,-0.4922656323482104,3.42,0,0,1.2518826963701453,-0.04469523858401368,-0.23731170784682237,0.44624082423765643,0.48494866610172105,-0.3216241256725657
Adexe & Nau,-1.023781540840207,-0.119075226712985,Music,Adexe & Nau,0.01145902514922001,Spain,Music,18.0,-0.16480435279548003,0.014579811115515132,0.2009739119280225,88.9,-1.2855454083931885,13.96,1,0,-0.08176107545886376,0.02951622327539562,0.12865599365534477,0.0701329624385386,0.4398562426781722,0.08238873571918358
Diana and Roma IND,-1.023781540840207,-0.034271301729604874,Entertainment,Diana and Roma IND,-0.028578088011418507,United States,Entertainment,173.0,0.1931866127191271,0.34017776271376365,-0.08453979833044896,88.2,0.27904907064799506,14.7,0,0,-1.4154048472878726,0.23450656852825888,0.20224480183893884,0.3499445949105988,0.5373702730784362,-0.3216241256725657
Jass Records,-1.023781540840207,-0.004797746738039236,Music,JassRecords,-2.1337846467280697,Unknown,Music,-1.0,-3.7740140504713593,-2.2398305342958547,0.2009739119280225,68.0,0.27904907064799506,9.02,1,1,0.14051288651263774,0.305773147092227,1.7499648657604503,-2.3299002093069046,0.5373702730784362,0.08238873571918358
Future,-1.023781540840207,0.21677815857020877,Music,Future AMV's,-0.5916023899819891,United States,Film,1944.0,-0.8806138789683363,-0.6346917139587566,-1.9810579255556808,88.2,0.27904907064799506,14.7,0,0,-1.6376788092593741,0.8418268696709823,0.7092522703870882,-0.4956130239887009,0.5373702730784362,-0.7247180826418881
YoungBoy Never Broke Again,-1.023781540840207,0.3396048713355225,Entertainment,YoungBoy Never Broke Again,-0.5255536958313477,United States,Music,173.0,0.49579351640450026,0.6152887206155142,-0.08453979833044896,88.2,0.27904907064799506,14.7,0,0,-0.5263089994018667,1.1391435477029839,0.7351543539402156,0.5935485243884516,0.5373702730784362,-0.3216241256725657
Blossom,-1.023781540840207,-0.10470912550834792,Howto & Style,Blossom,0.12904135640874603,United States,Howto,173.0,0.1790478341553688,0.3273675970977061,-0.08453979833044896,88.2,0.27904907064799506,14.7,0,0,-0.9708569233448697,0.0642351249655865,0.060507042717328166,0.3415141785152773,0.5373702730784362,-0.3216241256725657
#Refï¿½ï¿½ï¿½ï¿½,-1.023781540840207,-0.34685475624275924,Entertainment,#Refugio Mental,0.14447302471458198,Unknown,Entertainment,-1.0,-0.25209509746840936,-0.0643584999261273,0.2009739119280225,68.0,0.27904907064799506,9.02,1,1,-0.08176107545886376,-0.5204602658937393,-0.08548852657097052,0.0010777775422290315,0.5373702730784362,0.08238873571918358
Piuzinho,-1.023781540840207,-0.7456965986658778,Gaming,Piuzinho,-0.05031459361047999,Brazil,Games,53.0,-0.40442956403201236,-0.20272842076313777,0.2009739119280225,51.3,-0.0710351183317133,12.08,1,0,-0.5263089994018667,-1.4796149661029516,-0.183213117281127,-0.1194653843911811,0.7303521859778146,0.08238873571918358
Heidi y Zidane,-1.023781540840207,-0.0017347825978284988,Entertainment,Heidi y Zidane,0.015238269945333576,United States,People,173.0,-0.055118515482969185,0.11456529320688645,0.2009739119280225,88.2,0.27904907064799506,14.7,1,0,-1.4154048472878726,0.31317994721421843,0.19210707197530885,0.1568359258981969,0.5373702730784362,0.08238873571918358
Go Ami Go!,-1.023781540840207,-0.5454745022676223,People & Blogs,Go Ami Go!,-0.3106513728746978,Colombia,People,11.0,0.6492484347892323,0.7530886115224619,1.030935233121309,55.3,-1.2315578190260055,9.71,0,0,-0.5263089994018667,-0.998935579763743,0.09822660812013716,0.713596759774691,0.46760705376012723,5.067026969852568
Morgz,-1.0413711400198091,-0.260868587855099,Gaming,Morgz,0.13501658900937585,United Kingdom,Entertainment,32.0,0.24770974459969253,0.3897958972990436,-0.08453979833044896,60.0,-1.003205685454774,3.85,0,0,-0.30403503743036525,-0.3046865219170524,-0.031068353755352697,0.39464826709804096,0.5987927827115396,-0.3184052652268537
CaseyNeistat,-1.0413711400198091,-0.2812046234804623,People & Blogs,CaseyNeistat,0.24360330488082957,United States,People,174.0,-0.2880773861938617,-0.09738430768950439,-0.08453979833044896,88.2,0.27904907064799506,14.7,0,0,0.5850608104556407,-0.3537754823113175,-0.11284828557678106,-0.02741263697956212,0.5373702730784362,-0.3184052652268537
ýýýýýýýýýSULGI,-1.0413711400198091,-0.23761654995367795,People & Blogs,ýýýýýýýýýSULGI,0.06396433443873539,South Korea,People,17.0,0.40059970442321546,0.5287281703479498,0.3679892441104192,94.3,-1.2099295806788581,4.15,0,0,0.14051288651263774,-0.24854796558361067,0.028041784930086845,0.5161562312513219,0.4843914540842102,0.4927892182425881
NickiMinajAtVEVO,-1.0413711400198091,0.1659711345981299,Music,NickiMinajAtVEVO,-0.6602759140679443,United States,Music,174.0,0.12641394286437416,0.2794734200185281,0.2009739119280225,88.2,0.27904907064799506,14.7,1,0,0.5850608104556407,0.7271762881610504,0.725578035841558,0.3025987658183429,0.5373702730784362,0.08877635685083889
Ellie Goulding,-1.0413711400198091,0.06318024943316504,Music,Ellie Goulding,-0.3650103267300962,United Kingdom,Music,32.0,0.13720417143337543,0.2892598951738891,0.2009739119280225,60.0,-1.003205685454774,3.85,1,0,1.2518826963701453,0.4784818429553866,0.47539758194991655,0.31331062855915937,0.5987927827115396,0.08877635685083889
colinfurze,-1.0591008968342819,-0.5723246177382213,Entertainment,colinfurze,-0.15153149027266183,United Kingdom,Entertainment,33.0,-0.20523979012005608,-0.022185026176539852,0.2009739119280225,60.0,-1.003205685454774,3.85,1,0,1.4741566583416468,-1.0469399871673069,-0.020179426008064914,0.03818105234174766,0.5987927827115396,0.09526537513089955
People Vs Food,-1.0591008968342819,-0.7240642014593686,Entertainment,People Vs Food,0.015864473865827275,United States,Entertainment,175.0,-0.06667372325139656,0.10409389416415879,0.2009739119280225,88.2,0.27904907064799506,14.7,1,0,-0.08176107545886376,-1.4112716197033788,-0.21397733203617905,0.1477139590940371,0.5373702730784362,0.09526537513089955
Wolfoo Family,-1.0591008968342819,-1.571754724426662,Entertainment,Wolfoo Family,-0.8403336300466868,United States,Film,175.0,0.8453660524560491,-2.2398305342958547,0.2009739119280225,88.2,0.27904907064799506,14.7,1,0,-1.4154048472878726,-3.3984613300793565,-0.1323130957552445,-2.338923974921691,0.5373702730784362,0.09526537513089955
Ja Mill,-1.0591008968342819,-0.6647898073701204,People & Blogs,jamill,-2.3948665529838955,Unknown,Entertainment,-1.0,0.26768662202931587,-2.2398305342958547,0.2009739119280225,68.0,0.27904907064799506,9.02,1,1,1.4741566583416468,-1.2690926759478214,-3.737549627379587,-2.338923974921691,0.5373702730784362,0.09526537513089955
Health Time,-1.0591008968342819,-0.7786593934288631,Howto & Style,Health Time,0.4307108701492683,India,People,123.0,-0.6273688663065333,-0.4049664315982939,0.2009739119280225,28.1,1.428108284192824,5.36,1,0,-0.7485829613733682,-1.5420404525458558,-0.5134265798560109,-0.29593613280234854,-1.9332780935697111,0.09526537513089955
Yair17,-1.0591008968342819,-0.6329268061080429,Gaming,Yair17,0.24632781275559223,Mexico,Games,33.0,-0.1948059503750289,-0.012380811485200743,0.2009739119280225,40.2,-0.4922656323482104,3.42,1,0,-0.30403503743036525,-1.1925863050379093,-0.31214935441599295,0.046377131711047064,0.48494866610172105,0.09526537513089955
Little Baby Bum en Espaï¿½ï,-1.0591008968342819,0.06237862853674645,Education,Little Baby Bum en Espaï¿½ï,0.34956186795142513,Spain,Education,19.0,-0.052205683800468354,0.11718590058282877,0.2009739119280225,88.9,-1.2855454083931885,13.96,1,0,-0.30403503743036525,0.4849098654838668,0.011478851335699201,0.15914228988629914,0.4398562426781722,0.09526537513089955
First We Feast,-1.0591008968342819,-0.3050658613537639,Howto & Style,First We Feast,0.23495993407341742,United States,Entertainment,175.0,0.39668082549361633,0.5251749363817106,0.2009739119280225,88.2,0.27904907064799506,14.7,0,0,-0.30403503743036525,-0.40301510721357897,-0.12064964018171292,0.512673596654641,0.5373702730784362,0.09526537513089955
Mï¿½ï¿½ï¿½ï¿½,-1.0591008968342819,-0.28279377992107235,Travel & Events,Mï¿½ï¿½ï¿½ï¿½,0.10710296376312269,Mexico,Entertainment,33.0,0.09790497234262661,0.2535208185292805,0.2009739119280225,40.2,-0.4922656323482104,3.42,1,0,-0.5263089994018667,-0.3492623212890876,-0.02529176558122134,0.27941500213652637,0.48494866610172105,0.09526537513089955
Bebefinn - Nursery Rhymes & Kids Songs,-1.0591008968342819,-0.16042756885354045,Entertainment,Bebefinn - Nursery Rhymes & Kids Songs,-0.21864694979398364,United States,Entertainment,175.0,0.7768995512061588,-2.2398305342958547,0.5784039938330275,88.2,0.27904907064799506,14.7,0,0,-2.0822267332023774,-0.05375512587518429,0.2547176009627557,-2.338923974921691,0.5373702730784362,1.3073528984303793
Troom Troom PT,-1.0591008968342819,-0.1380225636093103,Howto & Style,Troom Troom PT,0.5865409267959952,Unknown,Howto,-1.0,-0.09653763742501889,0.07679138539564417,0.2009739119280225,68.0,0.27904907064799506,9.02,1,1,-0.5263089994018667,0.00038087997145578093,-0.25453844732329295,0.12411255102708336,0.5373702730784362,0.09526537513089955
Parafernalha,-1.0591008968342819,-0.11473643498434923,Entertainment,Parafernalha,0.4465940895803497,Brazil,Entertainment,54.0,-0.24492946915189884,-0.05832717859978764,0.2009739119280225,51.3,-0.0710351183317133,12.08,1,0,0.3627868484841392,0.05665431214037275,-0.15083722118347676,0.0067331094424635885,0.7303521859778146,0.09526537513089955
NDTV,-1.0591008968342819,-0.0865769195720528,Entertainment,NDTV,2.0971774973570176,India,News,123.0,0.24647035308290896,0.388618576347605,-0.08453979833044896,28.1,1.428108284192824,5.36,0,0,1.4741566583416468,0.1247156378432727,-1.2035122860247907,0.394711704051783,-1.9332780935697111,-0.31513510739250505
elcarteldesantatv,-1.0591008968342819,0.09443485868917952,Music,elcarteldesantatv,-0.15941997904375668,Mexico,Entertainment,33.0,0.40621433497563836,0.5338344547301372,-0.08453979833044896,40.2,-0.4922656323482104,3.42,0,0,1.0296087343986438,0.5624579153148707,0.35940892132742325,0.523036400192276,0.48494866610172105,-0.31513510739250505
Family Fitness,-1.0591008968342819,0.2363209170622228,Entertainment,Family Fitness,0.406886676275547,India,Entertainment,123.0,0.5722687997850829,0.6848110527027538,0.4864886519553722,28.1,1.428108284192824,5.36,0,0,-0.9708569233448697,0.9058038653481486,0.07204112709281942,0.6527789506917403,-1.9332780935697111,0.9064598586003414
Zee Tamil,-1.0591008968342819,0.2825642459649343,Entertainment,Zee Tamil,1.9516450358819537,India,Entertainment,123.0,0.6646757875332925,0.7688437588688432,0.2009739119280225,28.1,1.428108284192824,5.36,0,0,1.0296087343986438,1.0177382621232518,-0.9019992623737491,0.7267269617858739,-1.9332780935697111,0.09526537513089955
Flowers Comedy,-1.0591008968342819,0.2877522677736693,Entertainment,Flowers Comedy,1.1400893836490404,India,Entertainment,122.0,0.5092318832043272,0.627501222860473,-0.08453979833044896,28.1,1.428108284192824,5.36,0,0,-0.5263089994018667,1.03029697043903,-0.37377524299453263,0.6022351607433093,-1.9332780935697111,-0.31513510739250505
Mundo Bita,-1.0591008968342819,0.4423048694559053,Music,Mundo Bita,-0.3091655264846957,Brazil,Music,54.0,0.5493387714943029,0.663956825241054,-0.08453979833044896,51.3,-0.0710351183317133,12.08,0,0,0.3627868484841392,1.404490160905814,0.65202296005159,0.635707244638498,0.7303521859778146,-0.31513510739250505
Wave Music Bhakti,-1.0591008968342819,-0.06847190707664527,Music,Wave Music Bhakti,1.333508599223762,India,Music,123.0,-0.14277461657265653,0.034698104740905934,0.2009739119280225,28.1,1.428108284192824,5.36,1,0,0.3627868484841392,0.1684812475411559,-0.6990413927517064,0.0875455719682456,-1.9332780935697111,0.09526537513089955
Troom Troom Indonesia,-1.0591008968342819,-0.049193936575281774,People & Blogs,TROOM TROOM INDONESIA,-1.567256490919336,Unknown,People,-1.0,-3.7740140504713593,-2.2398305342958547,0.2009739119280225,68.0,0.27904907064799506,9.02,1,1,-1.6376788092593741,0.21508713102068838,1.2180608450687689,-2.3299002093069046,0.5373702730784362,0.09526537513089955
CKM,-1.0591008968342819,-0.13001774198829205,Comedy,CKM,-0.5979329855780977,India,Comedy,123.0,-0.10284028903072998,0.07120699835917281,0.2009739119280225,28.1,1.428108284192824,5.36,1,0,-1.1931308853163711,0.019724446470122385,0.5186152251502667,0.11911442665273926,-1.9332780935697111,0.09526537513089955
Quantum Tech HD,-1.0591008968342819,-0.1423977132218955,Science & Technology,Mr_Mughall Gaming,-0.35650744711729393,Pakistan,Entertainment,3554.0,-1.8141614325298143,-1.4779838784936172,-3.386604133474242,9.0,-0.05599262021287701,4.45,0,0,-2.0822267332023774,-0.010191195215904707,0.35441118692484863,-1.233594842395292,-1.807910204178686,-0.7286728445202284
_vector_,-1.0769730628477234,0.10062470112723826,Comedy,_vector_,-0.13905493451772138,United States,Comedy,176.0,0.8865397695451899,0.9696337080876003,0.9390197539400041,88.2,0.27904907064799506,14.7,0,0,-1.4154048472878726,0.5858687361436302,0.34966961607316044,0.9017304819378708,0.5373702730784362,4.066791255448105
DEV Ke Facts,-1.0769730628477234,-0.48501802607990746,Entertainment,DEV Ke Facts,-0.3650103267300962,India,Education,124.0,0.6071839756443312,0.7175733843469979,0.6535043273957786,28.1,1.428108284192824,5.36,0,0,0.14051288651263774,-0.8284476925815568,0.16751555369037663,0.6800973442498269,-1.9332780935697111,1.7243462301190395
Hero Movies 2023,-1.0769730628477234,-0.5520713818985704,People & Blogs,Hero Movies 2023,0.0672539760600556,Unknown,People,-1.0,0.01591201509711701,0.17891451427084132,0.2009739119280225,68.0,0.27904907064799506,9.02,1,1,-0.9708569233448697,-0.9898413258629621,-0.15069635217741742,0.20373268658886645,0.5373702730784362,0.10185822429615506
LOUD,-1.0769730628477234,-0.40064236980235374,Gaming,WatchLOUD,0.06779946720741864,United States,Entertainment,1795.0,-1.5447879377892855,-1.238596859829707,0.2009739119280225,88.2,0.27904907064799506,14.7,1,0,1.4741566583416468,-0.6251410761738497,-0.06600360075286751,-1.0248570108570418,0.5373702730784362,0.10185822429615506
Gibby :),-1.0769730628477234,-0.3230538662496137,People & Blogs,Gibby :),-0.3514963545183354,Mexico,People,34.0,-0.16032480197977214,0.018758660817953438,0.2009739119280225,40.2,-0.4922656323482104,3.42,1,0,-0.30403503743036525,-0.43800714361051396,0.2496921499805862,0.07364516205882145,0.48494866610172105,0.10185822429615506
Gustavo Parï¿½ï¿½,-1.0769730628477234,-0.3643990439525649,Comedy,GustavoParodias,-1.52757123352592,Brazil,Comedy,5075.0,0.26768662202931587,-2.2398305342958547,0.2009739119280225,51.3,-0.0710351183317133,12.08,1,0,0.5850608104556407,-0.5377463050264596,1.0123180415013437,-2.338923974921691,0.7303521859778146,0.10185822429615506
SAAIHALILINTAR,-1.0769730628477234,-0.7331218283502753,Entertainment,SAAIHALILINTAR,-0.12881134329551097,Indonesia,Entertainment,34.0,-0.7556345531155093,-0.5239108032913775,0.2009739119280225,36.3,0.12229127653497812,4.69,1,0,0.14051288651263774,-1.4246237972422413,-0.12523027675186996,-0.3970175233214348,-0.8211663914313476,0.10185822429615506
Timba Vk,-1.0769730628477234,-0.32648644864970555,Gaming,Timba Vk,0.21632016365081347,Spain,Games,19.0,0.038213897796440265,0.19933189763866582,-0.08453979833044896,88.9,-1.2855454083931885,13.96,0,0,0.14051288651263774,-0.446289358211922,-0.1206035604672488,0.23852205553939904,0.4398562426781722,-0.31181241606159804
Heidi and Zidane HZHtube,-1.0769730628477234,-0.1755155769272525,Entertainment,Heidi and Zidane HZHtube,0.1295043700766641,Canada,Entertainment,14.0,-0.17640583826567166,0.004312893371278617,0.2009739119280225,68.9,-1.4797768836856011,5.56,1,0,-0.5263089994018667,-0.08178334083683439,0.020440289379478498,0.06094204265693212,0.5548046918848967,0.10185822429615506
DaniRep | +6 Vï¿½ï¿½ï¿½ï¿½ï¿½ï¿½ï¿½ï¿½ï¿½ï¿½ï,-1.0769730628477234,0.06096228436286212,Gaming,DaniRep | +6 Vï¿½ï¿½ï¿½ï¿½ï¿½ï¿½ï¿½ï¿½ï¿½ï¿½ï,1.1559459443804405,Spain,Games,19.0,0.3271759680870647,0.4619985874713907,-0.08453979833044896,88.9,-1.2855454083931885,13.96,0,0,0.14051288651263774,0.48991815477993794,-0.5114103486578817,0.4608247172249071,0.4398562426781722,-0.31181241606159804
Zee Kids,-1.0769730628477234,0.10554833226871031,Film & Animation,Zee Kids,0.27975148546760725,India,Entertainment,124.0,0.36015034811809576,0.4919965167623534,-0.08453979833044896,28.1,1.428108284192824,5.36,0,0,0.14051288651263774,0.597780917073831,0.08094410342339639,0.4866559639143656,-1.9332780935697111,-0.31181241606159804
Pari's Lifestyle,-1.0769730628477234,0.10881811169739378,People & Blogs,Pari's Lifestyle,-0.08546914871639834,India,People,124.0,0.14647904372984222,0.2977819153496876,0.2009739119280225,28.1,1.428108284192824,5.36,1,0,-1.1931308853163711,0.6056919071645842,0.31950565522856644,0.31281750026242483,-1.9332780935697111,0.10185822429615506
DisneyChannelUK,-1.0769730628477234,0.3205114249996934,Music,DisneyChannelUK,0.7670466846000181,United Kingdom,Entertainment,34.0,0.12461101620755861,0.2777976290619599,0.2009739119280225,60.0,-1.003205685454774,3.85,1,0,1.2518826963701453,1.1180422724870187,-0.1138837278581707,0.3026915134621715,0.5987927827115396,0.10185822429615506
MoniLina,-1.0769730628477234,0.4263051151193483,Comedy,MoniLinaFamily,-2.3948665529838955,United States,People,2774.0,0.26768662202931587,-2.2398305342958547,-2.9258338266420094,88.2,0.27904907064799506,14.7,0,0,-0.7485829613733682,1.3741902386622518,-3.737549627379587,-2.338923974921691,0.5373702730784362,-0.7283870769329446
bharatzkitchen HINDI,-1.0769730628477234,-0.4151924410299541,Howto & Style,bharatzkitchen HINDI,0.08847996169559953,India,Howto,124.0,0.09761064281115683,0.2533493012613809,-0.08453979833044896,28.1,1.428108284192824,5.36,0,0,-0.7485829613733682,-0.6602157561954055,-0.08757998423191185,0.2794281466854721,-1.9332780935697111,-0.31181241606159804
TKOR,-1.0769730628477234,-0.24940186314262283,Education,TKoR,-2.3948665529838955,Unknown,People,-1.0,0.26768662202931587,-2.2398305342958547,0.2009739119280225,68.0,0.27904907064799506,9.02,1,1,1.4741566583416468,-0.2602333176745648,-3.737549627379587,-2.338923974921691,0.5373702730784362,0.10185822429615506
ANNA KOVA,-1.0769730628477234,0.3647354781570123,People & Blogs,annakova,-2.1337846467280697,Unknown,Film,-1.0,-3.6791920276263568,-2.2377151202531764,0.2009739119280225,68.0,0.27904907064799506,9.02,1,1,1.4741566583416468,1.2251110103507594,1.9575040919573985,-2.3229853662832576,0.5373702730784362,0.10185822429615506
Avril Lavigne,-1.0769730628477234,0.012559553843681655,Music,Avril Lavigne,-0.38806034291049263,United States,Music,176.0,0.2105232291342323,0.35599800389116515,0.2009739119280225,88.2,0.27904907064799506,14.7,1,0,1.6964306203131483,0.37284453108012894,0.4619578434716284,0.36619442188582946,0.5373702730784362,0.10185822429615506
Caylus,-1.0769730628477234,-0.1005778822429077,Education,Caylus,0.3175377879849729,United States,Games,175.0,0.5060654951926467,0.6246180028829712,0.4864886519553722,88.2,0.27904907064799506,14.7,0,0,-0.7485829613733682,0.09930154470007736,-0.059298643107046356,0.6000956469097344,0.5373702730784362,0.9194403288972524
Migos ATL,-1.0769730628477234,0.06468676706069122,Music,Migos ATL,-0.6602759140679443,United States,Entertainment,175.0,0.20687907375514372,0.3525827290000325,-0.08453979833044896,88.2,0.27904907064799506,14.7,0,0,0.14051288651263774,0.498927709934497,0.6686941683413807,0.3663916497638957,0.5373702730784362,-0.31181241606159804
Natan por Aï¿,-1.0949899443193145,0.17561705030310118,Sports,Natan por Aï¿,0.2760066834061826,Brazil,Entertainment,55.0,0.771483162639203,0.864934546451573,0.7170007726980412,51.3,-0.0710351183317133,12.08,0,0,-0.9708569233448697,0.7758331931526803,0.12272236649192755,0.8101088814943371,0.7303521859778146,2.1447160627800477
Free Fire India Official,-1.0949899443193145,-0.555860831043905,People & Blogs,Free Fire India Official,0.3599935542153771,India,Games,125.0,0.27004666257935056,0.41002566395069245,0.3679892441104192,28.1,1.428108284192824,5.36,0,0,-1.1931308853163711,-0.9905015753807374,-0.3424965958822406,0.41355009769343454,-1.9332780935697111,0.5222280569571633
Panda,-1.0949899443193145,-0.4344654494580566,Entertainment,HybridPanda,0.5450022649536783,United Kingdom,Games,867.0,-1.3372319787239486,-1.0504096806796273,-1.9810579255556808,60.0,-1.003205685454774,3.85,0,0,1.4741566583416468,-0.6981952626949676,-0.3941311346306474,-0.8581422315889611,0.5987927827115396,-0.724585155846626
RobTopGames,-1.0949899443193145,-1.2064147826836187,Gaming,RobTopGames,-1.005407421014269,Sweden,Games,4.0,-0.3886872604941634,-0.1885509566615391,-0.08453979833044896,67.0,-2.5110190453841486,6.48,0,0,0.14051288651263774,-2.5406699869077616,0.1819261911033009,-0.10694771047464112,0.807619104702186,-0.3084359150892501
Make Joke Of,-1.0949899443193145,-0.451436174302207,Comedy,Make Joke Of,-0.8343069163318622,India,Comedy,125.0,0.0379996244393453,0.19911055962406288,-0.08453979833044896,28.1,1.428108284192824,5.36,0,0,-0.9708569233448697,-0.7390890772598147,0.4929217848244138,0.2385384525732621,-1.9332780935697111,-0.3084359150892501
